k__Fungi;p__Basidiomycota;c__Tremellomycetes;o__Tremellales;f__Bulleribasidiaceae;g__Vishniacozyma
k__Fungi;p__Chytridiomycota;c__Spizellomycetes;o__Spizellomycetales;f__Powellomycetaceae
k__Fungi;p__Chytridiomycota;c__Rhizophlyctidomycetes;o__Rhizophlyctidales;f__Rhizophlyctidaceae;g__Rhizophlyctis;s__Rhizophlyctis_sp
k__Fungi;p__Chytridiomycota;c__Lobulomycetes;o__Lobulomycetales;f__Lobulomycetales_fam_Incertae_sedis;g__Lobulomycetales_gen_Incertae_sedis;s__Lobulomycetales_sp;sh__SH0120539.10FU
k__Fungi;p__Chytridiomycota;c__Lobulomycetes;o__Lobulomycetales;f__Lobulomycetales_fam_Incertae_sedis;g__Lobulomycetales_gen_Incertae_sedis;s__Lobulomycetales_sp
k__Fungi;p__Chytridiomycota;c__Rhizophydiomycetes;o__Rhizophydiales;f__Operculomycetaceae;g__Operculomyces;s__Operculomyces_sp
k__Fungi;p__Chytridiomycota;c__Rhizophydiomycetes;o__Rhizophydiales;f__Rhizophydiales_fam_Incertae_sedis;g__Rhizophydiales_gen_Incertae_sedis;s__Rhizophydiales_sp
k__Fungi;p__Chytridiomycota
k__Fungi;p__Chytridiomycota;c__Spizellomycetes;o__Spizellomycetales;f__Spizellomycetaceae;g__Spizellomyces;s__Spizellomyces_lactosolyticus;sh__SH0013451.10FU
k__Fungi;p__Chytridiomycota;c__Rhizophydiomycetes;o__Rhizophydiales;f__Rhizophydiales_fam_Incertae_sedis;g__Rhizophydiales_gen_Incertae_sedis;s__Rhizophydiales_sp
k__Fungi;p__Chytridiomycota;c__Rhizophydiomycetes;o__Rhizophydiales;f__Rhizophydiales_fam_Incertae_sedis;g__Rhizophydiales_gen_Incertae_sedis;s__Rhizophydiales_sp
k__Fungi;p__Chytridiomycota;c__Rhizophydiomycetes;o__Rhizophydiales;f__Rhizophydiales_fam_Incertae_sedis;g__Rhizophydiales_gen_Incertae_sedis;s__Rhizophydiales_sp
k__Fungi;p__Chytridiomycota;c__Rhizophydiomycetes;o__Rhizophydiales;f__Rhizophydiales_fam_Incertae_sedis;g__Rhizophydiales_gen_Incertae_sedis;s__Rhizophydiales_sp
k__Fungi;p__Fungi_phy_Incertae_sedis;c__Fungi_cls_Incertae_sedis;o__Fungi_ord_Incertae_sedis;f__Fungi_fam_Incertae_sedis;g__Fungi_gen_Incertae_sedis;s__Fungi_sp;sh__SH0192890.10FU
Unassigned
Unassigned
k__Fungi;p__Ascomycota;c__Sordariomycetes
Unassigned
Unassigned
Unassigned
Unassigned
Unassigned
Unassigned
Unassigned
Unassigned
k__Fungi;p__Ascomycota;c__Leotiomycetes;o__Helotiales;f__Hyaloscyphaceae;g__Hyaloscyphaceae_gen_Incertae_sedis;s__Hyaloscyphaceae_sp;sh__SH0110852.10FU
k__Fungi;p__Ascomycota;c__Leotiomycetes;o__Helotiales;f__Hyaloscyphaceae;g__Hyaloscyphaceae_gen_Incertae_sedis;s__Hyaloscyphaceae_sp;sh__SH0110852.10FU
Unassigned
Unassigned
Unassigned
k__Fungi;p__Ascomycota;c__Sordariomycetes;o__Hypocreales;f__Nectriaceae;g__Ilyonectria;s__Ilyonectria_liriodendri;sh__SH0004690.10FU
Unassigned
Unassigned
k__Fungi;p__Ascomycota;c__Dothideomycetes;o__Mycosphaerellales;f__Mycosphaerellaceae;g__Clypeosphaerella;s__Clypeosphaerella_quasiparkii;sh__SH0162146.10FU
Unassigned
k__Fungi;p__Ascomycota;c__Dothideomycetes;o__Capnodiales
Unassigned
Unassigned
Unassigned
Unassigned
Unassigned
Unassigned
Unassigned
Unassigned
Unassigned
k__Fungi;p__Ascomycota;c__Archaeorhizomycetes;o__Archaeorhizomycetales;f__Archaeorhizomycetaceae;g__Archaeorhizomyces;s__Archaeorhizomyces_sp
k__Fungi;p__Ascomycota;c__Archaeorhizomycetes;o__Archaeorhizomycetales;f__Archaeorhizomycetaceae;g__Archaeorhizomyces;s__Archaeorhizomyces_sp
k__Fungi;p__Ascomycota;c__Dothideomycetes;o__Cladosporiales;f__Cladosporiaceae
k__Fungi;p__Ascomycota;c__Dothideomycetes;o__Pleosporales;f__Pleosporaceae;g__Alternaria
k__Fungi;p__Ascomycota;c__Dothideomycetes;o__Pleosporales;f__Pleosporaceae;g__Alternaria
k__Fungi;p__Ascomycota;c__Leotiomycetes;o__Helotiales;f__Helotiales_fam_Incertae_sedis;g__Helotiales_gen_Incertae_sedis;s__Helotiales_sp
k__Fungi;p__Ascomycota;c__Leotiomycetes;o__Helotiales;f__Hyaloscyphaceae
k__Fungi;p__Ascomycota;c__Leotiomycetes;o__Helotiales;f__Helotiales_fam_Incertae_sedis;g__Helotiales_gen_Incertae_sedis;s__Helotiales_sp
Unassigned
Unassigned
Unassigned
k__Fungi;p__Ascomycota;c__Leotiomycetes;o__Helotiales;f__Myxotrichaceae;g__Oidiodendron
k__Fungi;p__Ascomycota;c__Leotiomycetes;o__Helotiales
k__Fungi;p__Ascomycota;c__Leotiomycetes;o__Helotiales;f__Myxotrichaceae;g__Oidiodendron
k__Fungi;p__Ascomycota;c__Leotiomycetes;o__Helotiales;f__Myxotrichaceae;g__Oidiodendron
k__Fungi;p__Ascomycota;c__Leotiomycetes;o__Helotiales;f__Myxotrichaceae;g__Oidiodendron
k__Fungi;p__Ascomycota;c__Leotiomycetes;o__Helotiales;f__Myxotrichaceae;g__Oidiodendron
k__Fungi;p__Ascomycota;c__Leotiomycetes;o__Helotiales;f__Myxotrichaceae;g__Oidiodendron
k__Fungi;p__Ascomycota;c__Leotiomycetes;o__Helotiales;f__Helotiales_fam_Incertae_sedis;g__Helotiales_gen_Incertae_sedis;s__Helotiales_sp
k__Fungi;p__Ascomycota;c__Dothideomycetes;o__Capnodiales;f__Capnodiales_fam_Incertae_sedis;g__Capnodiales_gen_Incertae_sedis;s__Capnodiales_sp
k__Fungi;p__Ascomycota;c__Dothideomycetes;o__Mycosphaerellales;f__Teratosphaeriaceae;g__Teratosphaeriaceae_gen_Incertae_sedis;s__Teratosphaeriaceae_sp
k__Fungi;p__Ascomycota;c__Leotiomycetes;o__Helotiales;f__Hyaloscyphaceae
k__Fungi;p__Ascomycota;c__Dothideomycetes;o__Mycosphaerellales;f__Extremaceae
k__Fungi;p__Ascomycota;c__Leotiomycetes;o__Helotiales;f__Myxotrichaceae;g__Oidiodendron
k__Fungi;p__Ascomycota;c__Sordariomycetes;o__Xylariales;f__Microdochiaceae;g__Idriella
Unassigned
k__Fungi;p__Ascomycota;c__Sordariomycetes
k__Fungi;p__Ascomycota;c__Sordariomycetes;o__Xylariales;f__Microdochiaceae;g__Idriella;s__Idriella_sp
k__Fungi;p__Ascomycota;c__Dothideomycetes
k__Fungi;p__Ascomycota;c__Sordariomycetes;o__Conioscyphales;f__Conioscyphaceae;g__Conioscypha;s__Conioscypha_sp
k__Fungi;p__Ascomycota;c__Sordariomycetes;o__Pleurotheciales;f__Pleurotheciaceae;g__Pleurotheciella
k__Fungi;p__Ascomycota;c__Sordariomycetes;o__Sordariales
k__Fungi;p__Ascomycota;c__Sordariomycetes;o__Sordariales
k__Fungi;p__Ascomycota;c__Sordariomycetes;o__Sordariales;f__Chaetomiaceae
k__Fungi;p__Ascomycota;c__Sordariomycetes;o__Sordariales;f__Podosporaceae;g__Podospora
k__Fungi;p__Ascomycota;c__Sordariomycetes;o__Sordariales
k__Fungi;p__Ascomycota;c__Sordariomycetes;o__Sordariales
k__Fungi;p__Ascomycota;c__Sordariomycetes;o__Sordariales;f__Sordariales_fam_Incertae_sedis;g__Sordariales_gen_Incertae_sedis;s__Sordariales_sp
k__Fungi;p__Ascomycota;c__Sordariomycetes;o__Hypocreales;f__Hypocreales_fam_Incertae_sedis;g__Hypocreales_gen_Incertae_sedis;s__Hypocreales_sp
k__Fungi;p__Ascomycota;c__Sordariomycetes;o__Sordariales
k__Fungi;p__Ascomycota;c__Sordariomycetes;o__Sordariales
k__Fungi;p__Ascomycota;c__Sordariomycetes;o__Sordariales
k__Fungi;p__Ascomycota;c__Sordariomycetes;o__Coniochaetales;f__Coniochaetaceae
k__Fungi;p__Ascomycota;c__Sordariomycetes;o__Coniochaetales;f__Coniochaetaceae;g__Coniochaeta
k__Fungi;p__Ascomycota;c__Sordariomycetes;o__Coniochaetales;f__Coniochaetaceae
k__Fungi;p__Ascomycota;c__Sordariomycetes;o__Coniochaetales;f__Coniochaetaceae
k__Fungi;p__Ascomycota;c__Sordariomycetes;o__Coniochaetales;f__Coniochaetaceae
k__Fungi;p__Ascomycota;c__Sordariomycetes;o__Coniochaetales
k__Fungi;p__Ascomycota;c__Sordariomycetes;o__Coniochaetales;f__Coniochaetaceae
Unassigned
k__Fungi;p__Ascomycota;c__Sordariomycetes;o__Sordariomycetes_ord_Incertae_sedis;f__Sordariomycetes_fam_Incertae_sedis;g__Sordariomycetes_gen_Incertae_sedis;s__Sordariomycetes_sp
k__Fungi;p__Ascomycota;c__Sordariomycetes
k__Fungi;p__Ascomycota;c__Sordariomycetes;o__Sordariales;f__Chaetomiaceae
k__Fungi;p__Ascomycota;c__Sordariomycetes;o__Hypocreales;f__Hypocreales_fam_Incertae_sedis
k__Fungi;p__Ascomycota;c__Sordariomycetes;o__Microascales;f__Microascaceae
Unassigned
k__Fungi;p__Ascomycota;c__Sordariomycetes;o__Microascales;f__Microascaceae
k__Fungi;p__Ascomycota;c__Sordariomycetes;o__Amphisphaeriales;f__Sporocadaceae
k__Fungi;p__Ascomycota;c__Sordariomycetes;o__Ophiostomatales;f__Ophiostomataceae;g__Sporothrix
k__Fungi;p__Ascomycota;c__Sordariomycetes;o__Coniochaetales;f__Cordanaceae;g__Cordana
k__Fungi;p__Ascomycota;c__Sordariomycetes;o__Sordariales
Unassigned
k__Fungi;p__Ascomycota;c__Sordariomycetes;o__Sordariales;f__Chaetomiaceae
Unassigned
k__Fungi;p__Ascomycota;c__Sordariomycetes;o__Sordariales;f__Chaetomiaceae
Unassigned
k__Fungi;p__Ascomycota;c__Sordariomycetes;o__Sordariales
k__Fungi;p__Ascomycota;c__Sordariomycetes;o__Sordariales;f__Sordariales_fam_Incertae_sedis;g__Sordariales_gen_Incertae_sedis;s__Sordariales_sp;sh__SH0106536.10FU
k__Fungi;p__Ascomycota;c__Sordariomycetes;o__Sordariales;f__Chaetomiaceae
Unassigned
k__Fungi;p__Ascomycota;c__Ascomycota_cls_Incertae_sedis;o__Ascomycota_ord_Incertae_sedis;f__Ascomycota_fam_Incertae_sedis;g__Ascomycota_gen_Incertae_sedis;s__Ascomycota_sp;sh__SH0002379.10FU
k__Fungi;p__Ascomycota;c__Sordariomycetes;o__Sordariales
Unassigned
k__Fungi;p__Ascomycota;c__Sordariomycetes;o__Sordariales;f__Chaetomiaceae
k__Fungi;p__Ascomycota;c__Sordariomycetes;o__Sordariales;f__Chaetomiaceae
Unassigned
k__Fungi;p__Ascomycota;c__Sordariomycetes;o__Sordariales;f__Chaetomiaceae
k__Fungi;p__Ascomycota;c__Sordariomycetes;o__Sordariales;f__Lasiosphaeridaceae;g__Lasiosphaeris;s__Lasiosphaeris_sp;sh__SH0172608.10FU
k__Fungi;p__Ascomycota;c__Sordariomycetes;o__Sordariales
k__Fungi;p__Ascomycota;c__Sordariomycetes;o__Sordariales
k__Fungi;p__Ascomycota;c__Sordariomycetes;o__Sordariales
k__Fungi;p__Ascomycota;c__Sordariomycetes;o__Sordariales
k__Fungi;p__Ascomycota;c__Sordariomycetes;o__Sordariales
k__Fungi;p__Ascomycota;c__Sordariomycetes;o__Sordariales
k__Fungi;p__Ascomycota;c__Sordariomycetes;o__Sordariales;f__Sordariales_fam_Incertae_sedis;g__Sordariales_gen_Incertae_sedis;s__Sordariales_sp
k__Fungi;p__Ascomycota;c__Sordariomycetes;o__Sordariales
k__Fungi;p__Ascomycota;c__Sordariomycetes;o__Sordariales;f__Sordariales_fam_Incertae_sedis;g__Sordariales_gen_Incertae_sedis;s__Sordariales_sp
k__Fungi;p__Ascomycota;c__Sordariomycetes;o__Sordariales
k__Fungi;p__Ascomycota;c__Sordariomycetes;o__Sordariales
k__Fungi;p__Ascomycota;c__Sordariomycetes;o__Sordariales;f__Chaetomiaceae
k__Fungi;p__Ascomycota;c__Sordariomycetes;o__Sordariales
k__Fungi;p__Ascomycota;c__Sordariomycetes;o__Sordariales
Unassigned
Unassigned
k__Fungi;p__Ascomycota;c__Sordariomycetes;o__Sordariales
k__Fungi;p__Ascomycota;c__Sordariomycetes;o__Sordariales;f__Chaetomiaceae
k__Fungi;p__Ascomycota;c__Sordariomycetes;o__Sordariales;f__Chaetomiaceae
k__Fungi;p__Ascomycota;c__Sordariomycetes;o__Sordariales;f__Chaetomiaceae
k__Fungi;p__Ascomycota;c__Sordariomycetes;o__Sordariales;f__Chaetomiaceae
k__Fungi;p__Ascomycota;c__Sordariomycetes;o__Sordariales;f__Chaetomiaceae
k__Fungi;p__Ascomycota;c__Sordariomycetes;o__Sordariales;f__Chaetomiaceae
k__Fungi;p__Ascomycota;c__Sordariomycetes;o__Sordariales;f__Chaetomiaceae
k__Fungi;p__Ascomycota;c__Sordariomycetes;o__Sordariales;f__Chaetomiaceae
k__Fungi;p__Ascomycota;c__Sordariomycetes;o__Sordariales
k__Fungi;p__Ascomycota;c__Sordariomycetes;o__Sordariales
k__Fungi;p__Ascomycota;c__Sordariomycetes;o__Sordariales
k__Fungi;p__Ascomycota;c__Sordariomycetes;o__Sordariales;f__Chaetomiaceae
k__Fungi;p__Ascomycota;c__Sordariomycetes;o__Sordariales;f__Chaetomiaceae
k__Fungi;p__Ascomycota;c__Sordariomycetes;o__Sordariales;f__Chaetomiaceae
k__Fungi;p__Ascomycota;c__Sordariomycetes;o__Sordariales;f__Chaetomiaceae
k__Fungi;p__Ascomycota;c__Sordariomycetes;o__Cephalothecales;f__Cephalothecaceae;g__Phialemonium
k__Fungi;p__Ascomycota;c__Sordariomycetes;o__Ophiostomatales;f__Ophiostomataceae;g__Sporothrix
k__Fungi;p__Ascomycota;c__Sordariomycetes;o__Chaetosphaeriales;f__Chaetosphaeriaceae;g__Chaetosphaeria
k__Fungi;p__Ascomycota;c__Sordariomycetes;o__Chaetosphaeriales;f__Chaetosphaeriaceae;g__Chloridium
k__Fungi;p__Ascomycota;c__Sordariomycetes;o__Chaetosphaeriales;f__Chaetosphaeriaceae
k__Fungi;p__Ascomycota;c__Sordariomycetes;o__Chaetosphaeriales;f__Chaetosphaeriaceae;g__Chloridium
k__Fungi;p__Ascomycota;c__Sordariomycetes;o__Chaetosphaeriales;f__Chaetosphaeriaceae;g__Chaetosphaeria;s__Chaetosphaeria_sp
k__Fungi;p__Ascomycota;c__Sordariomycetes;o__Chaetosphaeriales;f__Chaetosphaeriaceae
k__Fungi;p__Ascomycota;c__Sordariomycetes;o__Chaetosphaeriales;f__Chaetosphaeriaceae;g__Chloridium
k__Fungi;p__Ascomycota;c__Sordariomycetes;o__Sordariomycetes_ord_Incertae_sedis;f__Sordariomycetes_fam_Incertae_sedis;g__Sordariomycetes_gen_Incertae_sedis;s__Sordariomycetes_sp
k__Fungi;p__Ascomycota;c__Sordariomycetes;o__Pleurotheciales;f__Pleurotheciaceae;g__Pleurotheciella
k__Fungi;p__Ascomycota;c__Sordariomycetes;o__Pleurotheciales;f__Pleurotheciaceae;g__Pleurotheciella
k__Fungi;p__Ascomycota;c__Sordariomycetes;o__Pleurotheciales;f__Pleurotheciaceae
k__Fungi;p__Ascomycota;c__Sordariomycetes;o__Chaetosphaeriales;f__Chaetosphaeriaceae
k__Fungi;p__Ascomycota;c__Sordariomycetes;o__Hypocreales;f__Sarocladiaceae
k__Fungi;p__Ascomycota;c__Sordariomycetes
k__Fungi;p__Ascomycota;c__Sordariomycetes;o__Microascales;f__Microascaceae
Unassigned
k__Fungi;p__Ascomycota;c__Sordariomycetes;o__Microascales;f__Microascaceae
k__Fungi;p__Ascomycota;c__Sordariomycetes;o__Microascales;f__Microascaceae
k__Fungi;p__Ascomycota;c__Sordariomycetes;o__Microascales;f__Microascaceae
k__Fungi;p__Ascomycota;c__Sordariomycetes;o__Microascales;f__Microascaceae;g__Microascus
k__Fungi;p__Ascomycota;c__Sordariomycetes;o__Pisorisporiales;f__Pisorisporiales_fam_Incertae_sedis;g__Brocchiosphaera
k__Fungi;p__Ascomycota;c__Sordariomycetes;o__Glomerellales;f__Plectosphaerellaceae
Unassigned
k__Fungi;p__Ascomycota;c__Sordariomycetes;o__Glomerellales;f__Plectosphaerellaceae
Unassigned
Unassigned
k__Fungi;p__Ascomycota;c__Sordariomycetes;o__Glomerellales;f__Plectosphaerellaceae
k__Fungi;p__Ascomycota;c__Sordariomycetes;o__Hypocreales;f__Nectriaceae;g__Fusarium
k__Fungi;p__Ascomycota;c__Sordariomycetes;o__Glomerellales;f__Plectosphaerellaceae
k__Fungi;p__Ascomycota;c__Sordariomycetes;o__Hypocreales;f__Nectriaceae
k__Fungi;p__Ascomycota;c__Ascomycota_cls_Incertae_sedis;o__Ascomycota_ord_Incertae_sedis;f__Ascomycota_fam_Incertae_sedis;g__Ascomycota_gen_Incertae_sedis;s__Ascomycota_sp
k__Fungi;p__Ascomycota;c__Sordariomycetes;o__Hypocreales;f__Hypocreales_fam_Incertae_sedis;g__Hypocreales_gen_Incertae_sedis;s__Hypocreales_sp
k__Fungi;p__Ascomycota;c__Sordariomycetes;o__Hypocreales;f__Nectriaceae;g__Fusarium
k__Fungi;p__Ascomycota;c__Sordariomycetes;o__Hypocreales;f__Ophiocordycipitaceae
k__Fungi;p__Ascomycota;c__Sordariomycetes;o__Hypocreales
k__Fungi;p__Ascomycota;c__Sordariomycetes;o__Hypocreales
k__Fungi;p__Ascomycota;c__Sordariomycetes;o__Hypocreales;f__Nectriaceae;g__Fusarium
k__Fungi;p__Ascomycota;c__Sordariomycetes;o__Microascales;f__Microascaceae
k__Fungi;p__Ascomycota;c__Sordariomycetes;o__Hypocreales;f__Clavicipitaceae
k__Fungi;p__Ascomycota;c__Sordariomycetes;o__Microascales;f__Microascaceae
Unassigned
k__Fungi;p__Ascomycota;c__Sordariomycetes;o__Microascales;f__Microascaceae
k__Fungi;p__Ascomycota;c__Sordariomycetes;o__Microascales;f__Microascaceae
k__Fungi;p__Ascomycota;c__Sordariomycetes;o__Microascales;f__Microascaceae
Unassigned
k__Fungi;p__Ascomycota;c__Sordariomycetes;o__Hypocreales;f__Clavicipitaceae;g__Metapochonia
k__Fungi;p__Ascomycota;c__Sordariomycetes;o__Glomerellales;f__Plectosphaerellaceae
k__Fungi;p__Ascomycota;c__Sordariomycetes;o__Hypocreales;f__Bionectriaceae
k__Fungi;p__Ascomycota;c__Sordariomycetes
k__Fungi;p__Ascomycota;c__Sordariomycetes
k__Fungi;p__Ascomycota;c__Sordariomycetes;o__Hypocreales;f__Clavicipitaceae
k__Fungi;p__Ascomycota;c__Sordariomycetes;o__Hypocreales;f__Stachybotryaceae
k__Fungi;p__Ascomycota;c__Sordariomycetes;o__Atractosporales;f__Atractosporaceae;g__Atractospora;s__Atractospora_sp
k__Fungi;p__Ascomycota;c__Sordariomycetes;o__Hypocreales;f__Hypocreaceae;g__Trichoderma
k__Fungi;p__Ascomycota;c__Sordariomycetes;o__Hypocreales
k__Fungi;p__Ascomycota;c__Sordariomycetes;o__Hypocreales;f__Hypocreaceae;g__Trichoderma
k__Fungi;p__Ascomycota;c__Sordariomycetes;o__Hypocreales;f__Hypocreaceae;g__Trichoderma;s__Trichoderma_asperellum
k__Fungi;p__Ascomycota;c__Sordariomycetes;o__Hypocreales;f__Bionectriaceae
k__Fungi;p__Ascomycota;c__Sordariomycetes;o__Hypocreales;f__Nectriaceae
k__Fungi;p__Ascomycota;c__Sordariomycetes;o__Hypocreales;f__Hypocreaceae;g__Sphaerostilbella
k__Fungi;p__Ascomycota;c__Sordariomycetes;o__Hypocreales;f__Hypocreaceae;g__Trichoderma
k__Fungi;p__Ascomycota;c__Sordariomycetes;o__Hypocreales;f__Hypocreaceae;g__Trichoderma
k__Fungi;p__Ascomycota;c__Sordariomycetes;o__Hypocreales;f__Hypocreaceae;g__Trichoderma
k__Fungi;p__Ascomycota;c__Sordariomycetes;o__Hypocreales;f__Clavicipitaceae;g__Clavicipitaceae_gen_Incertae_sedis;s__Clavicipitaceae_sp
k__Fungi;p__Ascomycota;c__Sordariomycetes;o__Hypocreales;f__Hypocreaceae;g__Trichoderma
Unassigned
k__Fungi;p__Ascomycota;c__Sordariomycetes;o__Hypocreales;f__Nectriaceae;g__Fusarium
k__Fungi;p__Ascomycota;c__Sordariomycetes;o__Hypocreales;f__Nectriaceae
k__Fungi;p__Ascomycota;c__Sordariomycetes;o__Hypocreales;f__Nectriaceae
k__Fungi;p__Ascomycota;c__Sordariomycetes;o__Hypocreales;f__Nectriaceae;g__Thelonectria
k__Fungi;p__Ascomycota;c__Sordariomycetes;o__Hypocreales;f__Nectriaceae;g__Fusarium
k__Fungi;p__Ascomycota;c__Sordariomycetes;o__Hypocreales;f__Nectriaceae
k__Fungi;p__Ascomycota;c__Sordariomycetes;o__Hypocreales;f__Nectriaceae
k__Fungi;p__Ascomycota;c__Sordariomycetes;o__Hypocreales;f__Nectriaceae;g__Paracremonium
k__Fungi;p__Ascomycota;c__Sordariomycetes;o__Hypocreales;f__Nectriaceae
k__Fungi;p__Ascomycota;c__Sordariomycetes;o__Hypocreales;f__Nectriaceae
k__Fungi;p__Ascomycota;c__Sordariomycetes;o__Hypocreales;f__Nectriaceae
k__Fungi;p__Ascomycota;c__Sordariomycetes;o__Hypocreales;f__Nectriaceae;g__Fusarium
k__Fungi;p__Ascomycota;c__Sordariomycetes;o__Hypocreales;f__Nectriaceae;g__Fusarium
k__Fungi;p__Ascomycota;c__Sordariomycetes;o__Hypocreales;f__Nectriaceae
k__Fungi;p__Ascomycota;c__Sordariomycetes;o__Hypocreales;f__Stachybotryaceae
k__Fungi;p__Ascomycota;c__Sordariomycetes;o__Hypocreales
k__Fungi;p__Ascomycota;c__Sordariomycetes;o__Hypocreales;f__Hypocreaceae
k__Fungi;p__Ascomycota;c__Sordariomycetes;o__Hypocreales;f__Hypocreales_fam_Incertae_sedis;g__Hypocreales_gen_Incertae_sedis;s__Hypocreales_sp
k__Fungi;p__Ascomycota;c__Sordariomycetes;o__Hypocreales;f__Hypocreales_fam_Incertae_sedis;g__Hypocreales_gen_Incertae_sedis;s__Hypocreales_sp
k__Fungi;p__Ascomycota;c__Sordariomycetes;o__Hypocreales;f__Clavicipitaceae
k__Fungi;p__Ascomycota;c__Sordariomycetes;o__Hypocreales;f__Nectriaceae;g__Volutella
k__Fungi;p__Ascomycota;c__Sordariomycetes;o__Hypocreales;f__Nectriaceae;g__Thelonectria
k__Fungi;p__Ascomycota;c__Sordariomycetes;o__Hypocreales;f__Clavicipitaceae
k__Fungi;p__Ascomycota;c__Sordariomycetes;o__Hypocreales;f__Clavicipitaceae;g__Metapochonia
k__Fungi;p__Ascomycota;c__Sordariomycetes;o__Chaetosphaeriales;f__Chaetosphaeriaceae;g__Sporoschisma
k__Fungi;p__Ascomycota;c__Sordariomycetes;o__Savoryellales;f__Savoryellaceae;g__Dematiosporium;s__Dematiosporium_sp;sh__SH0115272.10FU
Unassigned
k__Fungi;p__Ascomycota;c__Sordariomycetes;o__Savoryellales;f__Savoryellaceae;g__Dematiosporium;s__Dematiosporium_sp;sh__SH0115272.10FU
Unassigned
Unassigned
k__Fungi;p__Ascomycota;c__Sordariomycetes;o__Sordariales;f__Chaetomiaceae
k__Fungi;p__Ascomycota;c__Sordariomycetes;o__Sordariomycetes_ord_Incertae_sedis;f__Sordariomycetes_fam_Incertae_sedis;g__Sordariomycetes_gen_Incertae_sedis;s__Sordariomycetes_sp
k__Fungi;p__Ascomycota;c__Sordariomycetes
k__Fungi;p__Ascomycota;c__Sordariomycetes;o__Glomerellales;f__Plectosphaerellaceae
k__Fungi;p__Ascomycota;c__Sordariomycetes;o__Hypocreales;f__Bionectriaceae
k__Fungi;p__Ascomycota;c__Sordariomycetes;o__Hypocreales;f__Bionectriaceae;g__Acremonium
k__Fungi;p__Ascomycota;c__Sordariomycetes;o__Hypocreales
k__Fungi;p__Ascomycota;c__Sordariomycetes;o__Hypocreales;f__Hypocreales_fam_Incertae_sedis;g__Hypocreales_gen_Incertae_sedis;s__Hypocreales_sp
k__Fungi;p__Ascomycota;c__Sordariomycetes;o__Glomerellales;f__Glomerellaceae;g__Colletotrichum
k__Fungi;p__Ascomycota;c__Sordariomycetes;o__Hypocreales;f__Bionectriaceae
k__Fungi;p__Ascomycota;c__Sordariomycetes;o__Atractosporales;f__Atractosporales_fam_Incertae_sedis;g__Atractosporales_gen_Incertae_sedis;s__Atractosporales_sp
k__Fungi;p__Ascomycota;c__Ascomycota_cls_Incertae_sedis;o__Ascomycota_ord_Incertae_sedis;f__Ascomycota_fam_Incertae_sedis;g__Ascomycota_gen_Incertae_sedis;s__Ascomycota_sp;sh__SH0179393.10FU
k__Fungi;p__Ascomycota;c__Sordariomycetes;o__Hypocreales;f__Stachybotryaceae
k__Fungi;p__Ascomycota;c__Sordariomycetes
k__Fungi;p__Ascomycota;c__Sordariomycetes;o__Glomerellales
k__Fungi;p__Ascomycota;c__Sordariomycetes;o__Chaetosphaeriales;f__Chaetosphaeriaceae;g__Chaetosphaeria
k__Fungi;p__Ascomycota;c__Sordariomycetes;o__Chaetosphaeriales;f__Chaetosphaeriaceae;g__Sporoschisma
k__Fungi;p__Ascomycota;c__Sordariomycetes;o__Hypocreales;f__Hypocreales_fam_Incertae_sedis;g__Hypocreales_gen_Incertae_sedis;s__Hypocreales_sp
Unassigned
k__Fungi;p__Ascomycota;c__Sordariomycetes;o__Hypocreales;f__Hypocreales_fam_Incertae_sedis;g__Hypocreales_gen_Incertae_sedis;s__Hypocreales_sp
k__Fungi;p__Ascomycota;c__Sordariomycetes;o__Sordariales;f__Lasiosphaeriaceae;g__Zopfiella;s__Zopfiella_sp
k__Fungi;p__Ascomycota;c__Sordariomycetes;o__Sordariales;f__Lasiosphaeriaceae
k__Fungi;p__Ascomycota;c__Sordariomycetes;o__Sordariales
k__Fungi;p__Ascomycota;c__Sordariomycetes;o__Hypocreales
k__Fungi;p__Ascomycota;c__Sordariomycetes;o__Xylariales
k__Fungi;p__Ascomycota;c__Sordariomycetes;o__Xylariales
k__Fungi;p__Ascomycota;c__Sordariomycetes;o__Hypocreales;f__Bionectriaceae
k__Fungi;p__Ascomycota;c__Sordariomycetes;o__Hypocreales
k__Fungi;p__Ascomycota;c__Sordariomycetes;o__Hypocreales;f__Cordycipitaceae
k__Fungi;p__Ascomycota;c__Sordariomycetes;o__Hypocreales;f__Cordycipitaceae
k__Fungi;p__Ascomycota;c__Sordariomycetes;o__Hypocreales;f__Cordycipitaceae
Unassigned
k__Fungi;p__Ascomycota;c__Sordariomycetes;o__Diaporthales;f__Diaporthaceae;g__Diaporthe
Unassigned
k__Fungi;p__Ascomycota;c__Dothideomycetes;o__Dothideomycetes_ord_Incertae_sedis;f__Eremomycetaceae;g__Arthrographis;s__Arthrographis_kalrae;sh__SH0167194.10FU
Unassigned
Unassigned
k__Fungi;p__Basidiomycota;c__Tremellomycetes;o__Cystofilobasidiales;f__Cystofilobasidiaceae;g__Cystofilobasidium
k__Fungi;p__Basidiomycota;c__Tremellomycetes;o__Cystofilobasidiales;f__Mrakiaceae;g__Tausonia
Unassigned
k__Fungi;p__Rozellomycota;c__Rozellomycotina_cls_Incertae_sedis;o__GS07;f__GS07_fam_Incertae_sedis;g__GS07_gen_Incertae_sedis;s__GS07_sp;sh__SH0194928.10FU
Unassigned
k__Fungi;p__Ascomycota;c__Pezizomycetes;o__Pezizales;f__Ascobolaceae;g__Ascobolus;s__Ascobolus_sp
k__Fungi;p__Ascomycota;c__Pezizomycetes;o__Pezizales;f__Pezizales_fam_Incertae_sedis;g__Pezizales_gen_Incertae_sedis;s__Pezizales_sp
k__Fungi;p__Ascomycota;c__Pezizomycetes;o__Pezizales;f__Pseudombrophilaceae
k__Fungi;p__Ascomycota;c__Leotiomycetes;o__Helotiales;f__Hyaloscyphaceae
k__Fungi;p__Ascomycota;c__Leotiomycetes;o__Helotiales;f__Hyaloscyphaceae
k__Fungi;p__Glomeromycota;c__Paraglomeromycetes;o__Paraglomerales;f__Paraglomeraceae;g__Paraglomus
k__Fungi;p__Ascomycota;c__Pezizomycetes;o__Pezizales;f__Pyronemataceae
k__Fungi;p__Ascomycota;c__Pezizomycetes;o__Pezizales;f__Pyronemataceae
k__Fungi;p__Ascomycota;c__Pezizomycetes;o__Pezizales;f__Pyronemataceae;g__Scutellinia
k__Fungi;p__Ascomycota;c__Pezizomycetes;o__Pezizales;f__Pyronemataceae
k__Fungi;p__Ascomycota;c__Pezizomycetes;o__Pezizales;f__Pezizaceae;g__Pezizaceae_gen_Incertae_sedis;s__Pezizaceae_sp
k__Fungi;p__Ascomycota;c__Leotiomycetes;o__Thelebolales;f__Pseudeurotiaceae
k__Fungi;p__Ascomycota;c__Leotiomycetes
k__Fungi;p__Ascomycota;c__Dothideomycetes;o__Dothideales;f__Dothideaceae
k__Fungi;p__Ascomycota;c__Eurotiomycetes;o__Chaetothyriales;f__Herpotrichiellaceae
Unassigned
k__Fungi;p__Ascomycota;c__Dothideomycetes;o__Dothideales;f__Saccotheciaceae;g__Aureobasidium
k__Fungi;p__Ascomycota;c__Leotiomycetes;o__Leotiales;f__Tympanidaceae
k__Fungi;p__Ascomycota;c__Dothideomycetes;o__Dothideomycetes_ord_Incertae_sedis;f__Dothideomycetes_fam_Incertae_sedis;g__Dothideomycetes_gen_Incertae_sedis;s__Dothideomycetes_sp
k__Fungi;p__Ascomycota;c__Leotiomycetes;o__Leotiales;f__Leotiales_fam_Incertae_sedis
k__Fungi;p__Ascomycota;c__Eurotiomycetes;o__Chaetothyriales;f__Herpotrichiellaceae;g__Cladophialophora;s__Cladophialophora_sp
k__Fungi;p__Ascomycota;c__Eurotiomycetes;o__Chaetothyriales;f__Herpotrichiellaceae;g__Cladophialophora
k__Fungi;p__Ascomycota;c__Eurotiomycetes;o__Chaetothyriales;f__Herpotrichiellaceae;g__Cladophialophora;s__Cladophialophora_sp
k__Fungi;p__Ascomycota;c__Eurotiomycetes;o__Chaetothyriales;f__Herpotrichiellaceae
k__Fungi;p__Ascomycota;c__Leotiomycetes;o__Leotiales;f__Leotiales_fam_Incertae_sedis
k__Fungi;p__Basidiomycota;c__Tremellomycetes;o__Tremellales;f__Rhynchogastremaceae;g__Papiliotrema
k__Fungi;p__Ascomycota;c__Eurotiomycetes;o__Onygenales;f__Arthrodermataceae;g__Arthroderma
k__Fungi;p__Ascomycota;c__Eurotiomycetes;o__Onygenales;f__Onygenaceae
Unassigned
k__Fungi;p__Ascomycota;c__Eurotiomycetes;o__Onygenales;f__Onygenaceae
k__Fungi;p__Ascomycota;c__Leotiomycetes;o__Thelebolales;f__Pseudeurotiaceae
k__Fungi;p__Rozellomycota;c__Rozellomycotina_cls_Incertae_sedis;o__GS08;f__GS08_fam_Incertae_sedis;g__GS08_gen_Incertae_sedis;s__GS08_sp;sh__SH0021957.10FU
k__Fungi;p__Rozellomycota;c__Rozellomycotina_cls_Incertae_sedis;o__GS08;f__GS08_fam_Incertae_sedis;g__GS08_gen_Incertae_sedis;s__GS08_sp
Unassigned
k__Fungi;p__Rozellomycota;c__Rozellomycota_cls_Incertae_sedis;o__Rozellomycota_ord_Incertae_sedis;f__Rozellomycota_fam_Incertae_sedis;g__Rozellomycota_gen_Incertae_sedis;s__Rozellomycota_sp;sh__SH0086748.10FU
Unassigned
Unassigned
Unassigned
k__Fungi;p__Rozellomycota;c__Rozellomycotina_cls_Incertae_sedis;o__GS05;f__GS05_fam_Incertae_sedis;g__GS05_gen_Incertae_sedis;s__GS05_sp;sh__SH0174908.10FU
Unassigned
k__Fungi;p__Rozellomycota;c__Rozellomycota_cls_Incertae_sedis;o__Rozellomycota_ord_Incertae_sedis;f__Rozellomycota_fam_Incertae_sedis;g__Rozellomycota_gen_Incertae_sedis;s__Rozellomycota_sp
k__Fungi;p__Rozellomycota;c__Rozellomycota_cls_Incertae_sedis;o__Rozellomycota_ord_Incertae_sedis;f__Rozellomycota_fam_Incertae_sedis;g__Rozellomycota_gen_Incertae_sedis;s__Rozellomycota_sp
k__Fungi;p__Rozellomycota;c__Rozellomycota_cls_Incertae_sedis;o__Rozellomycota_ord_Incertae_sedis;f__Rozellomycota_fam_Incertae_sedis;g__Rozellomycota_gen_Incertae_sedis;s__Rozellomycota_sp
k__Fungi;p__Rozellomycota;c__Rozellomycota_cls_Incertae_sedis;o__Rozellomycota_ord_Incertae_sedis;f__Rozellomycota_fam_Incertae_sedis;g__Rozellomycota_gen_Incertae_sedis;s__Rozellomycota_sp
Unassigned
k__Fungi;p__Rozellomycota;c__Rozellomycota_cls_Incertae_sedis;o__Rozellomycota_ord_Incertae_sedis;f__Rozellomycota_fam_Incertae_sedis;g__Rozellomycota_gen_Incertae_sedis;s__Rozellomycota_sp;sh__SH0155464.10FU
k__Fungi;p__Rozellomycota;c__Rozellomycota_cls_Incertae_sedis;o__Rozellomycota_ord_Incertae_sedis;f__Rozellomycota_fam_Incertae_sedis;g__Rozellomycota_gen_Incertae_sedis;s__Rozellomycota_sp;sh__SH0011500.10FU
Unassigned
k__Fungi;p__Rozellomycota;c__Rozellomycota_cls_Incertae_sedis;o__Rozellomycota_ord_Incertae_sedis;f__Rozellomycota_fam_Incertae_sedis;g__Rozellomycota_gen_Incertae_sedis;s__Rozellomycota_sp;sh__SH0108406.10FU
Unassigned
Unassigned
k__Fungi;p__Rozellomycota;c__Rozellomycota_cls_Incertae_sedis;o__Rozellomycota_ord_Incertae_sedis;f__Rozellomycota_fam_Incertae_sedis;g__Rozellomycota_gen_Incertae_sedis;s__Rozellomycota_sp;sh__SH0120284.10FU
k__Fungi
k__Fungi;p__Rozellomycota;c__Rozellomycota_cls_Incertae_sedis;o__Rozellomycota_ord_Incertae_sedis;f__Rozellomycota_fam_Incertae_sedis;g__Rozellomycota_gen_Incertae_sedis;s__Rozellomycota_sp
Unassigned
k__Fungi;p__Ascomycota;c__Dothideomycetes;o__Pleosporales;f__Torulaceae
Unassigned
Unassigned
k__Fungi;p__Ascomycota;c__Saccharomycetes;o__Saccharomycetales;f__Trichomonascaceae;g__Blastobotrys
k__Fungi;p__Basidiomycota;c__Agaricomycetes;o__Sebacinales;f__Serendipitaceae;g__Serendipita;s__Serendipita_sp
k__Fungi;p__Ascomycota;c__Saccharomycetes;o__Saccharomycetales;f__Saccharomycetales_fam_Incertae_sedis;g__Saccharomycetales_gen_Incertae_sedis;s__Saccharomycetales_sp;sh__SH0135602.10FU
k__Fungi;p__Basidiomycota;c__Agaricomycetes;o__Boletales;f__Rhizopogonaceae;g__Rhizopogon
k__Fungi;p__Basidiomycota;c__Agaricomycetes;o__Boletales;f__Rhizopogonaceae;g__Rhizopogon
k__Fungi;p__Basidiomycota;c__Agaricomycetes;o__Sebacinales;f__Sebacinaceae;g__Chaetospermum;s__Chaetospermum_sp
k__Fungi;p__Basidiomycota;c__Agaricomycetes;o__Trechisporales
Unassigned
k__Fungi;p__Ascomycota;c__Ascomycota_cls_Incertae_sedis;o__Ascomycota_ord_Incertae_sedis;f__Ascomycota_fam_Incertae_sedis;g__Ascomycota_gen_Incertae_sedis;s__Ascomycota_sp;sh__SH0085349.10FU
k__Fungi;p__Ascomycota;c__Saccharomycetes;o__Saccharomycetales;f__Trichomonascaceae;g__Sugiyamaella
k__Fungi;p__Ascomycota;c__Eurotiomycetes;o__Chaetothyriales;f__Herpotrichiellaceae;g__Veronaea;s__Veronaea_sp
k__Fungi;p__Ascomycota;c__Eurotiomycetes;o__Chaetothyriales;f__Herpotrichiellaceae;g__Exophiala
Unassigned
k__Fungi;p__Ascomycota;c__Eurotiomycetes;o__Chaetothyriales;f__Herpotrichiellaceae;g__Cladophialophora;s__Cladophialophora_sp
k__Fungi;p__Ascomycota;c__Eurotiomycetes;o__Chaetothyriales;f__Herpotrichiellaceae;g__Cladophialophora;s__Cladophialophora_sp
k__Fungi;p__Ascomycota;c__Eurotiomycetes;o__Chaetothyriales;f__Herpotrichiellaceae;g__Cladophialophora;s__Cladophialophora_sp
k__Fungi;p__Ascomycota;c__Eurotiomycetes;o__Chaetothyriales;f__Herpotrichiellaceae;g__Exophiala
k__Fungi;p__Ascomycota;c__Eurotiomycetes;o__Chaetothyriales;f__Herpotrichiellaceae;g__Exophiala
k__Fungi;p__Basidiomycota;c__Agaricomycetes;o__Russulales;f__Peniophoraceae;g__Peniophora;s__Peniophora_sp;sh__SH0006811.10FU
k__Fungi;p__Basidiomycota;c__Agaricomycetes;o__Sebacinales;f__Sebacinaceae;g__Sebacina;s__Sebacina_sp
k__Fungi;p__Basidiomycota;c__Agaricomycetes;o__Trechisporales;f__Hydnodontaceae;g__Subulicystidium
k__Fungi;p__Basidiomycota;c__Agaricomycetes;o__Trechisporales;f__Hydnodontaceae;g__Subulicystidium
Unassigned
k__Fungi;p__Ascomycota;c__Leotiomycetes;o__Helotiales;f__Hyaloscyphaceae
k__Fungi;p__Ascomycota;c__GS37;o__GS37_ord_Incertae_sedis;f__GS37_fam_Incertae_sedis;g__GS37_gen_Incertae_sedis;s__GS37_sp;sh__SH0181019.10FU
k__Fungi;p__Basidiomycota;c__Agaricomycetes;o__Sebacinales;f__Serendipitaceae;g__Serendipita;s__Serendipita_sp
k__Fungi;p__Ascomycota;c__Pezizomycetes;o__Pezizales;f__Pezizaceae;g__Peziza
k__Fungi;p__Basidiomycota;c__Agaricomycetes;o__Sebacinales;f__Serendipitaceae;g__Serendipita;s__Serendipita_sp
k__Fungi;p__Basidiomycota;c__Agaricomycetes;o__Sebacinales;f__Serendipitaceae;g__Serendipita;s__Serendipita_sp
k__Fungi;p__Basidiomycota;c__Agaricomycetes;o__Thelephorales;f__Thelephoraceae;g__Polyozellus
k__Fungi;p__Basidiomycota;c__Agaricomycetes;o__Sebacinales;f__Serendipitaceae;g__Serendipita;s__Serendipita_sp
k__Fungi;p__Basidiomycota;c__Cystobasidiomycetes;o__Cystobasidiomycetes_ord_Incertae_sedis
k__Fungi;p__Basidiomycota;c__Cystobasidiomycetes;o__Sakaguchiales;f__Sakaguchiaceae;g__Sakaguchia
k__Fungi;p__Basidiomycota;c__Agaricomycetes;o__Sebacinales;f__Serendipitaceae;g__Serendipita;s__Serendipita_sp
k__Fungi;p__Basidiomycota;c__Agaricomycetes;o__Cantharellales;f__Botryobasidiaceae;g__Botryobasidium
Unassigned
k__Fungi;p__Basidiomycota;c__Agaricomycetes;o__Agaricales;f__Psathyrellaceae;g__Psathyrella
k__Fungi;p__Basidiomycota;c__Agaricomycetes;o__Agaricales;f__Psathyrellaceae;g__Psathyrella
k__Fungi;p__Basidiomycota;c__Agaricomycetes;o__Sebacinales;f__Serendipitaceae
k__Fungi;p__Basidiomycota;c__Tremellomycetes;o__Filobasidiales;f__Filobasidiaceae;g__Naganishia
k__Fungi;p__Basidiomycota;c__Agaricomycetes;o__Cantharellales;f__Hydnaceae;g__Sistotrema;s__Sistotrema_sp
k__Fungi;p__Basidiomycota;c__Tremellomycetes;o__Filobasidiales;f__Filobasidiaceae;g__Naganishia;s__Naganishia_albida
k__Fungi;p__Basidiomycota;c__Tremellomycetes
k__Fungi;p__Ascomycota;c__Saccharomycetes;o__Saccharomycetales;f__Saccharomycetales_fam_Incertae_sedis;g__Saccharomycetales_gen_Incertae_sedis;s__Saccharomycetales_sp
k__Fungi;p__Basidiomycota;c__Cystobasidiomycetes;o__Cystobasidiales;f__Cystobasidiaceae
k__Fungi;p__Ascomycota;c__Saccharomycetes;o__Saccharomycetales;f__Lipomycetaceae
Unassigned
Unassigned
Unassigned
Unassigned
k__Fungi;p__Ascomycota;c__Saccharomycetes;o__Saccharomycetales;f__Lipomycetaceae
k__Fungi;p__Basidiomycota;c__Agaricomycetes;o__Cantharellales;f__Hydnaceae;g__Sistotrema;s__Sistotrema_sp
k__Fungi;p__Basidiomycota;c__Agaricomycetes;o__Sebacinales;f__Sebacinaceae;g__Sebacina;s__Sebacina_sp
Unassigned
k__Fungi;p__Ascomycota;c__Dothideomycetes;o__Venturiales;f__Venturiaceae
k__Fungi;p__Ascomycota;c__Dothideomycetes;o__Pleosporales
k__Fungi;p__Basidiomycota;c__Tremellomycetes;o__Trichosporonales;f__Tetragoniomycetaceae
Unassigned
Unassigned
Unassigned
Unassigned
k__Fungi;p__Rozellomycota;c__Rozellomycota_cls_Incertae_sedis;o__Rozellomycota_ord_Incertae_sedis;f__Rozellomycota_fam_Incertae_sedis;g__Rozellomycota_gen_Incertae_sedis;s__Rozellomycota_sp
k__Fungi
Unassigned
Unassigned
k__Fungi;p__Rozellomycota;c__Rozellomycota_cls_Incertae_sedis;o__Rozellomycota_ord_Incertae_sedis;f__Rozellomycota_fam_Incertae_sedis;g__Rozellomycota_gen_Incertae_sedis;s__Rozellomycota_sp
k__Fungi;p__Rozellomycota;c__Rozellomycota_cls_Incertae_sedis;o__Rozellomycota_ord_Incertae_sedis;f__Rozellomycota_fam_Incertae_sedis;g__Rozellomycota_gen_Incertae_sedis;s__Rozellomycota_sp
k__Fungi;p__Rozellomycota;c__Rozellomycota_cls_Incertae_sedis;o__Rozellomycota_ord_Incertae_sedis;f__Rozellomycota_fam_Incertae_sedis;g__Rozellomycota_gen_Incertae_sedis;s__Rozellomycota_sp;sh__SH0168622.10FU
Unassigned
Unassigned
Unassigned
Unassigned
k__Fungi;p__Ascomycota;c__Dothideomycetes;o__Muyocopronales;f__Muyocopronaceae;g__Leptodiscella
k__Fungi;p__Ascomycota;c__Dothideomycetes;o__Muyocopronales;f__Muyocopronaceae;g__Leptodiscella
k__Fungi;p__Ascomycota;c__Leotiomycetes;o__Helotiales;f__Mollisiaceae
k__Fungi;p__Ascomycota;c__Dothideomycetes;o__Pleosporales;f__Dictyosporiaceae;g__Dictyosporium
k__Fungi;p__Ascomycota;c__Dothideomycetes;o__Pleosporales;f__Dictyosporiaceae
k__Fungi;p__Basidiomycota;c__Agaricomycetes;o__Thelephorales;f__Thelephoraceae
k__Fungi;p__Ascomycota;c__Leotiomycetes;o__Helotiales;f__Pezizellaceae
k__Fungi;p__Ascomycota;c__Leotiomycetes;o__Helotiales
k__Fungi;p__Ascomycota;c__Leotiomycetes;o__Helotiales
k__Fungi;p__Ascomycota;c__Leotiomycetes;o__Helotiales
Unassigned
k__Fungi;p__Ascomycota;c__Leotiomycetes;o__Helotiales;f__Hyaloscyphaceae
Unassigned
k__Fungi;p__Ascomycota;c__Leotiomycetes;o__Helotiales
k__Fungi;p__Ascomycota;c__Dothideomycetes;o__Dothideomycetes_ord_Incertae_sedis;f__Dothideomycetes_fam_Incertae_sedis;g__Halokirschsteiniothelia;s__Halokirschsteiniothelia_sp
k__Fungi;p__Ascomycota;c__Saccharomycetes;o__Saccharomycetales;f__Debaryomycetaceae
k__Fungi;p__Ascomycota;c__Eurotiomycetes;o__Onygenales;f__Onygenales_fam_Incertae_sedis;g__Arthropsis
k__Fungi;p__Ascomycota;c__Eurotiomycetes;o__Onygenales;f__Gymnoascaceae
k__Fungi;p__Ascomycota;c__Eurotiomycetes;o__Onygenales;f__Gymnoascaceae
k__Fungi;p__Ascomycota;c__Eurotiomycetes;o__Onygenales;f__Onygenaceae;g__Keratinophyton
k__Fungi;p__Ascomycota;c__Leotiomycetes;o__Helotiales
k__Fungi;p__Ascomycota;c__Dothideomycetes;o__Pleosporales;f__Latoruaceae
k__Fungi;p__Ascomycota;c__Dothideomycetes;o__Pleosporales;f__Phaeosphaeriaceae
k__Fungi;p__Mucoromycota;c__Umbelopsidomycetes;o__Umbelopsidales;f__Umbelopsidaceae;g__Umbelopsis;s__Umbelopsis_sp
k__Fungi;p__Ascomycota;c__Orbiliomycetes;o__Orbiliales;f__Orbiliaceae
k__Fungi;p__Ascomycota;c__Orbiliomycetes;o__Orbiliales;f__Orbiliaceae;g__Orbiliaceae_gen_Incertae_sedis;s__Orbiliaceae_sp
k__Fungi;p__Mucoromycota;c__Umbelopsidomycetes;o__Umbelopsidales;f__Umbelopsidaceae;g__Umbelopsis
k__Fungi;p__Ascomycota;c__Pezizomycetes;o__Pezizales;f__Ascobolaceae;g__Ascobolaceae_gen_Incertae_sedis;s__Ascobolaceae_sp;sh__SH0069151.10FU
k__Fungi;p__Ascomycota;c__Pezizomycetes;o__Pezizales;f__Pezizales_fam_Incertae_sedis
k__Fungi;p__Basidiomycota;c__Agaricomycetes;o__Thelephorales;f__Thelephoraceae;g__Tomentella
k__Fungi;p__Basidiomycota;c__Agaricomycetes;o__Polyporales;f__Podoscyphaceae;g__Hypochnicium
k__Fungi;p__Basidiomycota;c__Agaricomycetes;o__Thelephorales;f__Thelephoraceae;g__Tomentella
Unassigned
k__Fungi;p__Ascomycota;c__Eurotiomycetes;o__Eurotiales;f__Aspergillaceae;g__Penicillium
k__Fungi;p__Ascomycota;c__Pezizomycotina_cls_Incertae_sedis;o__Pezizomycotina_ord_Incertae_sedis;f__Pezizomycotina_fam_Incertae_sedis;g__Triscelophorus;s__Triscelophorus_sp
k__Fungi;p__Ascomycota;c__Eurotiomycetes;o__Chaetothyriales;f__Chaetothyriales_fam_Incertae_sedis;g__Chaetothyriales_gen_Incertae_sedis;s__Chaetothyriales_sp
k__Fungi;p__Ascomycota;c__Eurotiomycetes;o__Chaetothyriales;f__Herpotrichiellaceae;g__Capronia;s__Capronia_sp
k__Fungi;p__Ascomycota;c__Eurotiomycetes;o__Eurotiales;f__Aspergillaceae;g__Aspergillus
k__Fungi;p__Ascomycota;c__Eurotiomycetes;o__Eurotiales;f__Aspergillaceae;g__Penicillium
k__Fungi;p__Ascomycota;c__Eurotiomycetes;o__Eurotiales;f__Aspergillaceae;g__Penicillium
k__Fungi;p__Ascomycota;c__Eurotiomycetes;o__Eurotiales;f__Aspergillaceae;g__Aspergillus
k__Fungi;p__Ascomycota;c__Eurotiomycetes;o__Eurotiales;f__Aspergillaceae;g__Penicillium
k__Fungi;p__Ascomycota;c__Eurotiomycetes;o__Eurotiales;f__Aspergillaceae;g__Penicillium
k__Fungi;p__Ascomycota;c__Eurotiomycetes;o__Eurotiales;f__Aspergillaceae;g__Penicillium
k__Fungi;p__Ascomycota;c__Eurotiomycetes;o__Eurotiales;f__Aspergillaceae;g__Penicillium
k__Fungi;p__Ascomycota;c__Eurotiomycetes;o__Eurotiales;f__Aspergillaceae;g__Penicillium
k__Fungi;p__Ascomycota;c__Eurotiomycetes;o__Eurotiales;f__Aspergillaceae;g__Penicillium
k__Fungi;p__Ascomycota;c__Eurotiomycetes;o__Eurotiales;f__Trichocomaceae
k__Fungi;p__Ascomycota;c__Eurotiomycetes;o__Eurotiales;f__Thermoascaceae;g__Paecilomyces
k__Fungi;p__Ascomycota;c__Eurotiomycetes;o__Eurotiales;f__Trichocomaceae;g__Rasamsonia
k__Fungi;p__Ascomycota;c__Eurotiomycetes;o__Eurotiales;f__Trichocomaceae;g__Rasamsonia
k__Fungi;p__Ascomycota;c__Eurotiomycetes;o__Eurotiales;f__Trichocomaceae
k__Fungi;p__Ascomycota;c__Eurotiomycetes;o__Eurotiales;f__Aspergillaceae
k__Fungi;p__Ascomycota;c__Eurotiomycetes;o__Eurotiales;f__Trichocomaceae;g__Talaromyces
k__Fungi;p__Ascomycota;c__Eurotiomycetes;o__Eurotiales;f__Aspergillaceae;g__Aspergillus
k__Fungi;p__Ascomycota;c__Eurotiomycetes;o__Eurotiales;f__Trichocomaceae;g__Thermomyces;s__Thermomyces_lanuginosus;sh__SH0103421.10FU
k__Fungi;p__Ascomycota;c__Eurotiomycetes;o__Eurotiales;f__Trichocomaceae
k__Fungi;p__Ascomycota;c__Eurotiomycetes;o__Eurotiales;f__Aspergillaceae;g__Penicillium
k__Fungi;p__Ascomycota;c__Eurotiomycetes;o__Eurotiales;f__Trichocomaceae;g__Talaromyces
k__Fungi;p__Ascomycota;c__Eurotiomycetes;o__Eurotiales;f__Trichocomaceae;g__Talaromyces
k__Fungi;p__Ascomycota;c__Eurotiomycetes;o__Eurotiales;f__Aspergillaceae;g__Aspergillus
k__Fungi;p__Ascomycota;c__Eurotiomycetes;o__Eurotiales
k__Fungi;p__Ascomycota;c__Eurotiomycetes;o__Eurotiales;f__Aspergillaceae
k__Fungi;p__Ascomycota;c__Eurotiomycetes;o__Eurotiales;f__Aspergillaceae;g__Penicillium
k__Fungi;p__Ascomycota;c__Eurotiomycetes;o__Eurotiales;f__Trichocomaceae;g__Talaromyces
Unassigned
Unassigned
Unassigned
Unassigned
Unassigned
Unassigned
Unassigned
Unassigned
Unassigned
Unassigned
Unassigned
Unassigned
Unassigned
Unassigned
k__Fungi;p__Ascomycota;c__Eurotiomycetes;o__Eurotiales;f__Trichocomaceae;g__Talaromyces;s__Talaromyces_tiftonensis;sh__SH0162918.10FU
k__Fungi;p__Ascomycota;c__Eurotiomycetes;o__Eurotiales;f__Aspergillaceae;g__Aspergillus
k__Fungi;p__Ascomycota;c__Eurotiomycetes;o__Eurotiales;f__Aspergillaceae
k__Fungi;p__Ascomycota;c__Eurotiomycetes;o__Eurotiales;f__Aspergillaceae;g__Aspergillus
k__Fungi;p__Ascomycota;c__Eurotiomycetes;o__Eurotiales;f__Aspergillaceae;g__Aspergillus;s__Aspergillus_japonicus;sh__SH0169899.10FU
Unassigned
Unassigned
Unassigned
Unassigned
Unassigned
k__Fungi;p__Ascomycota;c__Eurotiomycetes;o__Eurotiales;f__Aspergillaceae;g__Aspergillus;s__Aspergillus_japonicus;sh__SH0169899.10FU
k__Fungi;p__Ascomycota;c__Eurotiomycetes;o__Eurotiales;f__Aspergillaceae
Unassigned
Unassigned
Unassigned
k__Fungi;p__Ascomycota;c__Eurotiomycetes;o__Eurotiales;f__Aspergillaceae;g__Aspergillus;s__Aspergillus_japonicus;sh__SH0169899.10FU
k__Fungi;p__Ascomycota;c__Eurotiomycetes;o__Eurotiales;f__Aspergillaceae;g__Aspergillus;s__Aspergillus_japonicus;sh__SH0169899.10FU
k__Fungi;p__Ascomycota;c__Eurotiomycetes;o__Chaetothyriales;f__Herpotrichiellaceae;g__Rhinocladiella;s__Rhinocladiella_sp
k__Fungi;p__Ascomycota;c__Eurotiomycetes;o__Chaetothyriales;f__Herpotrichiellaceae
k__Fungi;p__Ascomycota;c__Eurotiomycetes;o__Chaetothyriales;f__Herpotrichiellaceae
k__Fungi;p__Ascomycota;c__Eurotiomycetes;o__Chaetothyriales;f__Trichomeriaceae;g__Knufia
k__Fungi;p__Ascomycota;c__Leotiomycetes;o__Helotiales;f__Helotiales_fam_Incertae_sedis
Unassigned
k__Fungi;p__Ascomycota;c__Leotiomycetes;o__Helotiales;f__Helotiales_fam_Incertae_sedis
k__Fungi;p__Ascomycota;c__Dothideomycetes;o__Pleosporales;f__Occultibambusaceae
k__Fungi;p__Basidiomycota;c__Agaricomycetes
k__Fungi;p__Ascomycota;c__Eurotiomycetes;o__Onygenales
k__Fungi;p__Ascomycota;c__Dothideomycetes;o__Pleosporales;f__Sporormiaceae
k__Fungi;p__Ascomycota;c__Dothideomycetes;o__Pleosporales;f__Nigrogranaceae;g__Nigrograna
Unassigned
Unassigned
Unassigned
k__Fungi;p__Ascomycota;c__Dothideomycetes;o__Pleosporales;f__Phaeosphaeriaceae
k__Fungi;p__Ascomycota;c__Orbiliomycetes;o__Orbiliales;f__Orbiliales_fam_Incertae_sedis;g__Orbiliales_gen_Incertae_sedis;s__Orbiliales_sp
k__Fungi;p__Ascomycota;c__Leotiomycetes;o__Helotiales;f__Ploettnerulaceae
k__Fungi;p__Ascomycota;c__Leotiomycetes;o__Helotiales;f__Gelatinodiscaceae;g__Neobulgaria
k__Fungi;p__Mucoromycota;c__Umbelopsidomycetes;o__Umbelopsidales;f__Umbelopsidaceae;g__Umbelopsis;s__Umbelopsis_sp
k__Fungi;p__Basidiomycota;c__Agaricomycetes;o__Agaricales;f__Inocybaceae
k__Fungi;p__Ascomycota;c__Saccharomycetes;o__Saccharomycetales;f__Debaryomycetaceae;g__Debaryomycetaceae_gen_Incertae_sedis;s__Debaryomycetaceae_sp;sh__SH0073204.10FU
k__Fungi;p__Basidiomycota;c__Agaricomycetes;o__Thelephorales;f__Thelephoraceae
k__Fungi;p__Ascomycota;c__Saccharomycetes;o__Saccharomycetales;f__Saccharomycetales_fam_Incertae_sedis;g__Saccharomycetales_gen_Incertae_sedis;s__Saccharomycetales_sp
k__Fungi;p__Ascomycota;c__Dothideomycetes;o__Pleosporales;f__Cryptocoryneaceae;g__Cryptocoryneum
k__Fungi;p__Ascomycota;c__Pezizomycotina_cls_Incertae_sedis;o__Pezizomycotina_ord_Incertae_sedis;f__Pezizomycotina_fam_Incertae_sedis;g__Leucopenicillifer;s__Leucopenicillifer_sp
k__Fungi;p__Ascomycota;c__Eurotiomycetes;o__Eurotiales;f__Aspergillaceae;g__Penicillium
k__Fungi;p__Ascomycota;c__Eurotiomycetes;o__Eurotiales;f__Aspergillaceae;g__Penicillium
k__Fungi;p__Ascomycota;c__Eurotiomycetes;o__Eurotiales;f__Aspergillaceae;g__Penicillium
k__Fungi;p__Ascomycota;c__Eurotiomycetes;o__Eurotiales;f__Aspergillaceae;g__Penicillium
k__Fungi;p__Ascomycota;c__Eurotiomycetes;o__Eurotiales;f__Aspergillaceae;g__Penicillium
k__Fungi;p__Ascomycota;c__Eurotiomycetes;o__Eurotiales;f__Aspergillaceae;g__Penicillium
k__Fungi;p__Ascomycota;c__Eurotiomycetes;o__Eurotiales;f__Aspergillaceae;g__Penicillium
k__Fungi;p__Ascomycota;c__Eurotiomycetes;o__Eurotiales;f__Aspergillaceae;g__Penicillium
k__Fungi;p__Ascomycota;c__Eurotiomycetes;o__Eurotiales;f__Aspergillaceae;g__Penicillium
k__Fungi;p__Glomeromycota;c__Glomeromycetes;o__Glomerales;f__Glomeraceae;g__Glomus;s__Glomus_sp
k__Fungi;p__Ascomycota;c__Dothideomycetes;o__Venturiales;f__Sympoventuriaceae
k__Fungi;p__Basidiomycota;c__Agaricomycetes;o__Geastrales;f__Geastraceae;g__Geastrum
k__Fungi;p__Ascomycota;c__Saccharomycetes;o__Saccharomycetales;f__Pichiaceae;g__Pichia
k__Fungi;p__Ascomycota;c__Saccharomycetes;o__Saccharomycetales;f__Pichiaceae;g__Pichia
k__Fungi;p__Ascomycota;c__Dothideomycetes;o__Pleosporales
k__Fungi;p__Basidiomycota;c__Agaricomycetes;o__Cantharellales;f__Botryobasidiaceae;g__Botryobasidium
k__Fungi;p__Basidiomycota;c__Microbotryomycetes;o__Sporidiobolales;f__Sporidiobolaceae;g__Rhodotorula
k__Fungi;p__Basidiomycota;c__Agaricomycetes;o__Thelephorales;f__Thelephoraceae;g__Phellodon
Unassigned
Unassigned
k__Fungi;p__Basidiomycota;c__Tremellomycetes;o__Tremellales;f__Trimorphomycetaceae;g__Saitozyma
k__Fungi;p__Basidiomycota;c__Tremellomycetes;o__Tremellales;f__Trimorphomycetaceae;g__Saitozyma
k__Fungi;p__Basidiomycota;c__Tremellomycetes;o__Tremellales;f__Trimorphomycetaceae;g__Saitozyma
k__Fungi;p__Basidiomycota;c__Microbotryomycetes;o__Microbotryomycetes_ord_Incertae_sedis
k__Fungi;p__Basidiomycota;c__Microbotryomycetes;o__Leucosporidiales;f__Leucosporidiaceae;g__Leucosporidium;s__Leucosporidium_sp
k__Fungi;p__Basidiomycota;c__Microbotryomycetes;o__Sporidiobolales;f__Sporidiobolaceae;g__Rhodotorula
k__Fungi;p__Basidiomycota;c__Agaricomycetes;o__Sebacinales;f__Serendipitaceae;g__Serendipita;s__Serendipita_sp
k__Fungi;p__Basidiomycota;c__Tremellomycetes
k__Fungi;p__Basidiomycota;c__Tremellomycetes;o__Filobasidiales;f__Piskurozymaceae;g__Solicoccozyma
k__Fungi;p__Basidiomycota;c__Tremellomycetes;o__Filobasidiales;f__Piskurozymaceae;g__Solicoccozyma
k__Fungi;p__Basidiomycota;c__Tremellomycetes;o__Holtermanniales;f__Holtermanniaceae;g__Holtermannia
k__Fungi;p__Basidiomycota;c__Tremellomycetes;o__Trichosporonales;f__Trichosporonaceae;g__Cutaneotrichosporon
k__Fungi;p__Basidiomycota;c__Agaricomycetes;o__Cantharellales;f__Cantharellales_fam_Incertae_sedis;g__Cantharellales_gen_Incertae_sedis;s__Cantharellales_sp
k__Fungi;p__Basidiomycota;c__Geminibasidiomycetes;o__Geminibasidiales;f__Geminibasidiaceae;g__Geminibasidium;s__Geminibasidium_sp
k__Fungi;p__Basidiomycota;c__Microbotryomycetes
k__Fungi;p__Basidiomycota;c__Tremellomycetes;o__Trichosporonales;f__Trichosporonaceae;g__Apiotrichum
k__Fungi;p__Basidiomycota;c__Tremellomycetes;o__Trichosporonales;f__Trichosporonaceae
Unassigned
k__Fungi;p__Ascomycota;c__Pezizomycotina_cls_Incertae_sedis;o__Pezizomycotina_ord_Incertae_sedis;f__Pezizomycotina_fam_Incertae_sedis;g__Pezizomycotina_gen_Incertae_sedis;s__Pezizomycotina_sp
k__Fungi;p__Basidiomycota;c__Agaricomycetes;o__Agaricales;f__Agaricales_fam_Incertae_sedis;g__Agaricales_gen_Incertae_sedis;s__Agaricales_sp
k__Fungi;p__Basidiomycota;c__Agaricomycetes;o__Russulales;f__Russulaceae;g__Russula;s__Russula_sp
k__Fungi;p__Basidiomycota;c__Agaricomycetes;o__Russulales;f__Russulaceae;g__Russula;s__Russula_sp
k__Fungi;p__Ascomycota;c__Pezizomycetes;o__Pezizales;f__Ascodesmidaceae;g__Ascodesmidaceae_gen_Incertae_sedis;s__Ascodesmidaceae_sp
k__Fungi;p__Ascomycota;c__Pezizomycetes;o__Pezizales;f__Ascodesmidaceae
Unassigned
Unassigned
Unassigned
Unassigned
k__Fungi;p__Basidiobolomycota;c__Basidiobolomycetes;o__Basidiobolales;f__Basidiobolales_fam_Incertae_sedis;g__Basidiobolales_gen_Incertae_sedis;s__Basidiobolales_sp
Unassigned
Unassigned
Unassigned
k__Fungi;p__Fungi_phy_Incertae_sedis;c__Fungi_cls_Incertae_sedis;o__Fungi_ord_Incertae_sedis;f__Fungi_fam_Incertae_sedis;g__Fungi_gen_Incertae_sedis;s__Fungi_sp;sh__SH0158010.10FU
k__Fungi;p__Fungi_phy_Incertae_sedis;c__Fungi_cls_Incertae_sedis;o__Fungi_ord_Incertae_sedis;f__Fungi_fam_Incertae_sedis;g__Fungi_gen_Incertae_sedis;s__Fungi_sp;sh__SH0158010.10FU
k__Fungi;p__Basidiomycota;c__Agaricomycetes;o__Russulales;f__Russulaceae;g__Russula;s__Russula_sp
k__Fungi;p__Ascomycota;c__Dothideomycetes;o__Pleosporales;f__Didymosphaeriaceae
k__Fungi;p__Basidiomycota;c__Agaricomycetes;o__Atheliales;f__Atheliaceae;g__Piloderma;s__Piloderma_sp
k__Fungi;p__Basidiomycota;c__Dacrymycetes;o__Dacrymycetales;f__Dacrymycetaceae;g__Calocera
k__Fungi;p__Basidiomycota;c__Agaricomycetes;o__Agaricales;f__Inocybaceae;g__Inocybe
k__Fungi;p__Basidiomycota;c__Agaricomycetes;o__Agaricales;f__Inocybaceae;g__Inocybe
k__Fungi;p__Basidiomycota;c__Agaricomycetes;o__Agaricales;f__Psathyrellaceae;g__Parasola
k__Fungi;p__Basidiomycota;c__Agaricomycetes;o__Agaricales;f__Psathyrellaceae;g__Coprinopsis
k__Fungi;p__Basidiomycota;c__Agaricomycetes;o__Polyporales
k__Fungi;p__Basidiomycota;c__Agaricomycetes;o__Agaricales;f__Inocybaceae
k__Fungi;p__Basidiomycota;c__Agaricomycetes;o__Boletales;f__Sclerodermataceae;g__Scleroderma
k__Fungi;p__Basidiomycota;c__Agaricomycetes;o__Auriculariales;f__Hyaloriaceae;g__Hyaloriaceae_gen_Incertae_sedis;s__Hyaloriaceae_sp
k__Fungi;p__Ascomycota;c__Dothideomycetes;o__Dothideomycetes_ord_Incertae_sedis;f__Eremomycetaceae;g__Arthrographis
k__Fungi;p__Basidiomycota;c__Agaricomycetes;o__Polyporales;f__Phanerochaetaceae
k__Fungi;p__Basidiomycota;c__Agaricomycetes;o__Polyporales;f__Irpicaceae;g__Ceriporia
k__Fungi;p__Basidiomycota;c__Agaricomycetes;o__Hymenochaetales;f__Schizoporaceae;g__Hyphodontia
k__Fungi;p__Basidiomycota;c__Agaricomycetes;o__Boletales;f__Boletales_fam_Incertae_sedis;g__Boletales_gen_Incertae_sedis;s__Boletales_sp;sh__SH0139469.10FU
k__Fungi;p__Glomeromycota;c__Glomeromycetes;o__Glomerales;f__Glomeraceae;g__Glomus
k__Fungi;p__Basidiomycota;c__Agaricomycetes;o__Russulales;f__Russulaceae;g__Lactarius
k__Fungi;p__Ascomycota;c__Dothideomycetes;o__Pleosporales;f__Amorosiaceae
k__Fungi;p__Ascomycota;c__Dothideomycetes;o__Pleosporales
k__Fungi;p__Ascomycota;c__Dothideomycetes;o__Pleosporales;f__Amorosiaceae
k__Fungi;p__Basidiomycota;c__Agaricomycetes;o__Russulales;f__Russulaceae;g__Russula;s__Russula_sp
k__Fungi;p__Ascomycota;c__Dothideomycetes;o__Pleosporales;f__Sporormiaceae;g__Westerdykella
k__Fungi;p__Ascomycota;c__Dothideomycetes;o__Pleosporales
k__Fungi;p__Ascomycota;c__Dothideomycetes;o__Pleosporales;f__Sporormiaceae;g__Preussia;s__Preussia_sp
k__Fungi;p__Ascomycota;c__Dothideomycetes;o__Pleosporales;f__Sporormiaceae;g__Preussia
k__Fungi;p__Ascomycota;c__Dothideomycetes;o__Pleosporales;f__Sporormiaceae;g__Preussia
k__Fungi;p__Basidiomycota;c__Agaricomycetes;o__Russulales;f__Russulaceae;g__Russula
k__Fungi;p__Ascomycota;c__Pezizomycetes;o__Pezizales;f__Tuberaceae;g__Tuber;s__Tuber_rufum
k__Fungi;p__Basidiomycota;c__Agaricomycetes;o__Agaricales;f__Cortinariaceae
k__Fungi;p__Basidiomycota;c__Agaricomycetes;o__Agaricales;f__Inocybaceae;g__Inocybe;s__Inocybe_sp
k__Fungi;p__Basidiomycota;c__Agaricomycetes;o__Atheliales;f__Atheliaceae;g__Piloderma;s__Piloderma_sp
k__Fungi;p__Basidiomycota;c__Agaricomycetes;o__Trechisporales;f__Hydnodontaceae
k__Fungi;p__Basidiomycota;c__Agaricomycetes;o__Trechisporales;f__Trechisporales_fam_Incertae_sedis;g__Trechisporales_gen_Incertae_sedis;s__Trechisporales_sp
k__Fungi;p__Basidiomycota;c__Agaricomycetes;o__Agaricales;f__Amanitaceae;g__Amanita
k__Fungi;p__Basidiomycota;c__Agaricomycetes;o__Thelephorales;f__Bankeraceae;g__Hydnellum;s__Hydnellum_sp;sh__SH0091584.10FU
k__Fungi;p__Basidiomycota;c__Agaricomycetes;o__Agaricales;f__Inocybaceae;g__Inocybe;s__Inocybe_sp
k__Fungi;p__Basidiomycota;c__Agaricomycetes;o__Agaricales;f__Inocybaceae;g__Inocybe
k__Fungi;p__Basidiomycota;c__Agaricomycetes;o__Agaricales;f__Entolomataceae;g__Clitopilus;s__Clitopilus_sp
k__Fungi;p__Basidiomycota;c__Agaricomycetes;o__Agaricales;f__Lyophyllaceae;g__Lyophyllum
k__Fungi;p__Basidiomycota;c__Agaricomycetes;o__Agaricales;f__Tricholomataceae;g__Tricholoma
k__Fungi;p__Basidiomycota;c__Agaricomycetes;o__Agaricales;f__Hymenogastraceae
k__Fungi;p__Basidiomycota;c__Agaricomycetes;o__Agaricales;f__Hymenogastraceae
k__Fungi;p__Basidiomycota;c__Agaricomycetes;o__Cantharellales;f__Ceratobasidiaceae
k__Fungi;p__Basidiomycota;c__Agaricomycetes;o__Agaricales;f__Agaricaceae;g__Agaricus
k__Fungi;p__Basidiomycota;c__Agaricomycetes;o__Agaricomycetes_ord_Incertae_sedis;f__Agaricomycetes_fam_Incertae_sedis;g__Agaricomycetes_gen_Incertae_sedis;s__Agaricomycetes_sp
Unassigned
Unassigned
k__Fungi;p__Basidiomycota;c__Agaricomycetes;o__Polyporales
Unassigned
k__Fungi;p__Basidiobolomycota;c__Basidiobolomycetes;o__Basidiobolales;f__Basidiobolales_fam_Incertae_sedis;g__Basidiobolales_gen_Incertae_sedis;s__Basidiobolales_sp;sh__SH0080608.10FU
k__Fungi;p__Basidiomycota;c__Tremellomycetes;o__Tremellales;f__Rhynchogastremaceae;g__Papiliotrema
k__Fungi;p__Basidiomycota;c__Agaricomycetes;o__Agaricales;f__Clavariaceae;g__Clavaria
k__Fungi;p__Mortierellomycota;c__Mortierellomycetes;o__Mortierellales;f__Mortierellaceae
k__Fungi;p__Mortierellomycota;c__Mortierellomycetes;o__Mortierellales;f__Mortierellaceae
k__Fungi;p__Mortierellomycota;c__Mortierellomycetes;o__Mortierellales;f__Mortierellaceae;g__Mortierella
k__Fungi;p__Mortierellomycota;c__Mortierellomycetes;o__Mortierellales;f__Mortierellaceae
k__Fungi;p__Mortierellomycota;c__Mortierellomycetes;o__Mortierellales;f__Mortierellaceae;g__Mortierella;s__Mortierella_sp
k__Fungi;p__Mortierellomycota;c__Mortierellomycetes;o__Mortierellales;f__Mortierellaceae
k__Fungi;p__Mortierellomycota;c__Mortierellomycetes;o__Mortierellales;f__Mortierellaceae
k__Fungi;p__Mortierellomycota;c__Mortierellomycetes;o__Mortierellales;f__Mortierellaceae;g__Mortierella;s__Mortierella_sp
k__Fungi;p__Mortierellomycota;c__Mortierellomycetes;o__Mortierellales;f__Mortierellaceae;g__Mortierella
k__Fungi;p__Mortierellomycota;c__Mortierellomycetes;o__Mortierellales;f__Mortierellaceae
k__Fungi;p__Mortierellomycota;c__Mortierellomycetes;o__Mortierellales;f__Mortierellaceae;g__Mortierella;s__Mortierella_sp
Unassigned
Unassigned
k__Fungi;p__Mortierellomycota;c__Mortierellomycetes;o__Mortierellales;f__Mortierellaceae;g__Mortierella;s__Mortierella_sp
Unassigned
Unassigned
Unassigned
Unassigned
Unassigned
Unassigned
Unassigned
Unassigned
Unassigned
Unassigned
k__Fungi;p__Mortierellomycota;c__Mortierellomycetes;o__Mortierellales;f__Mortierellaceae;g__Mortierella;s__Mortierella_sp
k__Fungi;p__Mortierellomycota;c__Mortierellomycetes;o__Mortierellales;f__Mortierellaceae;g__Mortierella;s__Mortierella_sp
k__Fungi;p__Mortierellomycota;c__Mortierellomycetes;o__Mortierellales;f__Mortierellaceae
Unassigned
Unassigned
Unassigned
Unassigned
k__Fungi;p__Mortierellomycota;c__Mortierellomycetes;o__Mortierellales;f__Mortierellaceae;g__Mortierella;s__Mortierella_sp
k__Fungi;p__Mortierellomycota;c__Mortierellomycetes;o__Mortierellales;f__Mortierellaceae;g__Mortierella
k__Fungi;p__Mortierellomycota;c__Mortierellomycetes;o__Mortierellales;f__Mortierellaceae;g__Linnemannia;s__Linnemannia_amoeboidea;sh__SH0030607.10FU
k__Fungi;p__Mortierellomycota;c__Mortierellomycetes;o__Mortierellales;f__Mortierellaceae;g__Mortierella
k__Fungi;p__Mortierellomycota;c__Mortierellomycetes;o__Mortierellales;f__Mortierellaceae;g__Mortierella;s__Mortierella_polygonia;sh__SH0142789.10FU
k__Fungi;p__Mortierellomycota;c__Mortierellomycetes;o__Mortierellales;f__Mortierellaceae;g__Mortierella
Unassigned
k__Fungi;p__Mortierellomycota;c__Mortierellomycetes;o__Mortierellales;f__Mortierellaceae;g__Modicella;s__Modicella_malleola
k__Fungi;p__Sanchytriomycota;c__Sanchytriomycetes;o__Sanchytriales;f__Sanchytriaceae;g__Sanchytrium;s__Sanchytrium_sp
k__Fungi;p__Fungi_phy_Incertae_sedis;c__Fungi_cls_Incertae_sedis;o__Fungi_ord_Incertae_sedis;f__Fungi_fam_Incertae_sedis;g__Fungi_gen_Incertae_sedis;s__Fungi_sp
Unassigned
k__Fungi;p__Neocallimastigomycota;c__Neocallimastigomycota_cls_Incertae_sedis;o__Neocallimastigomycota_ord_Incertae_sedis;f__Neocallimastigomycota_fam_Incertae_sedis;g__Neocallimastigomycota_gen_Incertae_sedis;s__Neocallimastigomycota_sp;sh__SH0098378.10FU
k__Fungi;p__Rozellomycota;c__Rozellomycota_cls_Incertae_sedis;o__Rozellomycota_ord_Incertae_sedis;f__Rozellomycota_fam_Incertae_sedis;g__Rozellomycota_gen_Incertae_sedis;s__Rozellomycota_sp;sh__SH0175147.10FU
Unassigned
k__Fungi;p__Ascomycota;c__Leotiomycetes;o__Helotiales
k__Fungi;p__Ascomycota;c__Dothideomycetes;o__Dothideomycetes_ord_Incertae_sedis;f__Eremomycetaceae;g__Arthrographis
k__Fungi;p__Ascomycota;c__Dothideomycetes;o__Dothideomycetes_ord_Incertae_sedis;f__Eremomycetaceae;g__Arthrographis
k__Fungi;p__Ascomycota;c__Dothideomycetes;o__Dothideomycetes_ord_Incertae_sedis;f__Eremomycetaceae;g__Arthrographis
Unassigned
Unassigned
Unassigned
k__Fungi;p__Ascomycota;c__Leotiomycetes;o__Helotiales
k__Fungi;p__Ascomycota
k__Fungi;p__Basidiomycota;c__Malasseziomycetes;o__Malasseziales;f__Malasseziaceae;g__Malassezia;s__Malassezia_sp
k__Fungi;p__Basidiomycota;c__Malasseziomycetes;o__Malasseziales;f__Malasseziaceae;g__Malassezia;s__Malassezia_sp
k__Fungi;p__Basidiomycota;c__Malasseziomycetes;o__Malasseziales;f__Malasseziaceae;g__Malassezia;s__Malassezia_restricta;sh__SH0179876.10FU
k__Fungi;p__Basidiomycota;c__Malasseziomycetes;o__Malasseziales;f__Malasseziaceae;g__Malassezia;s__Malassezia_caprae;sh__SH0163324.10FU
k__Fungi;p__Sanchytriomycota;c__Sanchytriomycetes;o__Sanchytriales;f__Sanchytriaceae;g__Sanchytrium;s__Sanchytrium_sp
Unassigned
Unassigned
Unassigned
k__Fungi;p__Rozellomycota;c__Rozellomycotina_cls_Incertae_sedis;o__GS11;f__GS11_fam_Incertae_sedis;g__GS11_gen_Incertae_sedis;s__GS11_sp
k__Fungi;p__Rozellomycota;c__Rozellomycotina_cls_Incertae_sedis;o__GS11;f__GS11_fam_Incertae_sedis;g__GS11_gen_Incertae_sedis;s__GS11_sp
k__Fungi;p__Rozellomycota;c__Rozellomycotina_cls_Incertae_sedis;o__GS11;f__GS11_fam_Incertae_sedis;g__GS11_gen_Incertae_sedis;s__GS11_sp
k__Fungi;p__Rozellomycota;c__Rozellomycotina_cls_Incertae_sedis;o__GS11;f__GS11_fam_Incertae_sedis;g__GS11_gen_Incertae_sedis;s__GS11_sp;sh__SH0148632.10FU
k__Fungi;p__Rozellomycota;c__Rozellomycotina_cls_Incertae_sedis;o__GS11;f__GS11_fam_Incertae_sedis;g__GS11_gen_Incertae_sedis;s__GS11_sp;sh__SH0148632.10FU
