d__Eukaryota;;;;;
d__Eukaryota;;;;;
d__Eukaryota;;;;;
d__Eukaryota;;;;;
d__Eukaryota;;;;;
d__Eukaryota;;;;;
d__Eukaryota;;;;;
d__Eukaryota;;;;;
d__Eukaryota;;;;;
d__Eukaryota;;;;;
d__Eukaryota;;;;;
d__Eukaryota;;;;;
d__Eukaryota;;;;;
d__Eukaryota;;;;;
d__Eukaryota;;;;;
d__Eukaryota;;;;;
d__Eukaryota;;;;;
d__Eukaryota;;;;;
d__Eukaryota;;;;;
d__Eukaryota;;;;;
d__Eukaryota;;;;;
d__Eukaryota;;;;;
d__Eukaryota;;;;;
d__Eukaryota;;;;;
d__Eukaryota;;;;;
d__Eukaryota;;;;;
d__Eukaryota;;;;;
d__Eukaryota;;;;;
d__Eukaryota;;;;;
d__Eukaryota;;;;;
d__Eukaryota;;;;;
d__Eukaryota;;;;;
d__Eukaryota;;;;;
d__Eukaryota;;;;;
d__Eukaryota;;;;;
d__Eukaryota;;;;;
d__Eukaryota;;;;;
d__Eukaryota;;;;;
d__Eukaryota;;;;;
d__Eukaryota;;;;;
d__Eukaryota;;;;;
d__Eukaryota;;;;;
d__Eukaryota;;;;;
d__Eukaryota;;;;;
d__Eukaryota;;;;;
d__Eukaryota; p__Amoebozoa; c__Amoebozoa; o__Amoebozoa; f__Amoebozoa; g__Mycamoeba
d__Eukaryota; p__Amoebozoa; c__Amoebozoa; o__Amoebozoa; f__Amoebozoa; g__Mycamoeba
d__Eukaryota; p__Amoebozoa; c__Discosea; o__Dactylopodida; f__Dactylopodida; g__Angulamoeba
d__Eukaryota; p__Amoebozoa; c__Discosea; o__Dactylopodida; f__Dactylopodida; g__Angulamoeba
d__Eukaryota; p__Amoebozoa; c__Discosea; o__Dactylopodida; f__Dactylopodida; g__Angulamoeba
d__Eukaryota; p__Amoebozoa; c__Discosea; o__Dactylopodida; f__Dactylopodida; g__Angulamoeba
d__Eukaryota; p__Amoebozoa; c__Discosea; o__Dactylopodida; f__Dactylopodida; g__Dactylopodida
d__Eukaryota; p__Amoebozoa; c__Discosea; o__Vannellida; f__Vannellida;
d__Eukaryota; p__Amoebozoa; c__Discosea; o__Vannellida; f__Vannellida; g__uncultured
d__Eukaryota; p__Amoebozoa; c__Tubulinea; o__Arcellinida; f__Arcellinida; g__Arcellinida
d__Eukaryota; p__Amoebozoa; c__Tubulinea; o__Arcellinida; f__Phryganellina; g__Cryptodifflugia
d__Eukaryota; p__Amoebozoa; c__Tubulinea; o__Echinamoebida; f__Echinamoebida; g__Echinamoeba
d__Eukaryota; p__Amoebozoa; c__Tubulinea; o__Echinamoebida; f__Echinamoebida; g__Echinamoeba
d__Eukaryota; p__Amoebozoa; c__Tubulinea; o__Echinamoebida; f__Echinamoebida; g__Vermamoeba
d__Eukaryota; p__Amoebozoa; c__Tubulinea; o__Euamoebida; f__Euamoebida;
d__Eukaryota; p__Amoebozoa; c__Tubulinea; o__Euamoebida; f__Euamoebida;
d__Eukaryota; p__Amoebozoa; c__Tubulinea; o__Euamoebida; f__Euamoebida; g__BOLA868
d__Eukaryota; p__Amoebozoa; c__Tubulinea; o__Euamoebida; f__Euamoebida; g__BOLA868
d__Eukaryota; p__Amoebozoa; c__Tubulinea; o__Euamoebida; f__Euamoebida; g__BOLA868
d__Eukaryota; p__Amoebozoa; c__Tubulinea; o__Euamoebida; f__Euamoebida; g__BOLA868
d__Eukaryota; p__Amoebozoa; c__Tubulinea; o__Euamoebida; f__Euamoebida; g__BOLA868
d__Eukaryota; p__Amoebozoa; c__Tubulinea; o__Euamoebida; f__Euamoebida; g__Euamoebida
d__Eukaryota; p__Amoebozoa; c__Tubulinea; o__Euamoebida; f__Euamoebida; g__Euamoebida
d__Eukaryota; p__Amoebozoa; c__Tubulinea; o__Euamoebida; f__Euamoebida; g__Euamoebida
d__Eukaryota; p__Amoebozoa; c__Tubulinea; o__Euamoebida; f__Euamoebida; g__Euamoebida
d__Eukaryota; p__Amoebozoa; c__Tubulinea; o__Euamoebida; f__Euamoebida; g__Euamoebida
d__Eukaryota; p__Amoebozoa; c__Tubulinea; o__Euamoebida; f__Euamoebida; g__Hartmannella
d__Eukaryota; p__Amoebozoa; c__Tubulinea; o__Euamoebida; f__Euamoebida; g__Hartmannella
d__Eukaryota; p__Amoebozoa; c__Tubulinea; o__Euamoebida; f__Euamoebida; g__Hartmannella
d__Eukaryota; p__Amoebozoa; c__Tubulinea; o__Euamoebida; f__Euamoebida; g__Hartmannella
d__Eukaryota; p__Amoebozoa; c__Tubulinea; o__Euamoebida; f__Euamoebida; g__Hartmannella
d__Eukaryota; p__Amoebozoa; c__Tubulinea; o__Euamoebida; f__Euamoebida; g__Hartmannella
d__Eukaryota; p__Amoebozoa; c__Tubulinea; o__Leptomyxida; f__Leptomyxida;
d__Eukaryota; p__Amoebozoa; c__Tubulinea; o__Leptomyxida; f__Leptomyxida;
d__Eukaryota; p__Amoebozoa; c__Tubulinea; o__Leptomyxida; f__Leptomyxida;
d__Eukaryota; p__Amoebozoa; c__Tubulinea; o__Leptomyxida; f__Leptomyxida; g__Leptomyxida
d__Eukaryota; p__Amoebozoa; c__Tubulinea; o__Leptomyxida; f__Leptomyxida; g__Leptomyxida
d__Eukaryota; p__Amoebozoa; c__Tubulinea; o__Leptomyxida; f__Leptomyxida; g__Leptomyxida
d__Eukaryota; p__Amoebozoa; c__Tubulinea; o__Leptomyxida; f__Leptomyxida; g__Leptomyxida
d__Eukaryota; p__Annelida;;;;
d__Eukaryota; p__Annelida; c__Clitellata; o__Haplotaxida; f__Haplotaxida; g__Haplotaxida
d__Eukaryota; p__Annelida; c__Clitellata; o__Haplotaxida; f__Haplotaxida; g__Haplotaxida
d__Eukaryota; p__Annelida; c__Clitellata; o__Haplotaxida; f__Haplotaxida; g__Haplotaxida
d__Eukaryota; p__Annelida; c__Clitellata; o__Haplotaxida; f__Haplotaxida; g__Haplotaxida
d__Eukaryota; p__Annelida; c__Clitellata; o__Haplotaxida; f__Haplotaxida; g__Haplotaxida
d__Eukaryota; p__Annelida; c__Clitellata; o__Haplotaxida; f__Haplotaxida; g__Haplotaxida
d__Eukaryota; p__Annelida; c__Clitellata; o__Haplotaxida; f__Haplotaxida; g__Haplotaxida
d__Eukaryota; p__Annelida; c__Clitellata; o__Haplotaxida; f__Haplotaxida; g__Haplotaxida
d__Eukaryota; p__Annelida; c__Clitellata; o__Haplotaxida; f__Haplotaxida; g__Haplotaxida
d__Eukaryota; p__Aphelidea; c__Aphelidea; o__Aphelidea; f__Aphelidea; g__uncultured
d__Eukaryota; p__Apicomplexa; c__Conoidasida;;;
d__Eukaryota; p__Apicomplexa; c__Conoidasida; o__Cryptosporida; f__Cryptosporida; g__Cryptosporidium
d__Eukaryota; p__Apicomplexa; c__Conoidasida; o__Cryptosporida; f__Cryptosporida; g__Cryptosporidium
d__Eukaryota; p__Apicomplexa; c__Conoidasida; o__Cryptosporida; f__Cryptosporida; g__Cryptosporidium
d__Eukaryota; p__Apicomplexa; c__Conoidasida; o__Gregarinasina;;
d__Eukaryota; p__Apicomplexa; c__Conoidasida; o__Gregarinasina; f__Eugregarinorida;
d__Eukaryota; p__Apicomplexa; c__Conoidasida; o__Gregarinasina; f__Eugregarinorida;
d__Eukaryota; p__Apicomplexa; c__Conoidasida; o__Gregarinasina; f__Eugregarinorida;
d__Eukaryota; p__Apicomplexa; c__Conoidasida; o__Gregarinasina; f__Eugregarinorida;
d__Eukaryota; p__Apicomplexa; c__Conoidasida; o__Gregarinasina; f__Eugregarinorida;
d__Eukaryota; p__Apicomplexa; c__Conoidasida; o__Gregarinasina; f__Eugregarinorida;
d__Eukaryota; p__Apicomplexa; c__Conoidasida; o__Gregarinasina; f__Eugregarinorida;
d__Eukaryota; p__Apicomplexa; c__Conoidasida; o__Gregarinasina; f__Eugregarinorida;
d__Eukaryota; p__Apicomplexa; c__Conoidasida; o__Gregarinasina; f__Eugregarinorida;
d__Eukaryota; p__Apicomplexa; c__Conoidasida; o__Gregarinasina; f__Eugregarinorida;
d__Eukaryota; p__Apicomplexa; c__Conoidasida; o__Gregarinasina; f__Eugregarinorida;
d__Eukaryota; p__Apicomplexa; c__Conoidasida; o__Gregarinasina; f__Gregarinasina; g__Gregarinasina
d__Eukaryota; p__Apicomplexa; c__Conoidasida; o__Gregarinasina; f__Gregarinasina; g__Gregarinasina
d__Eukaryota; p__Apicomplexa; c__Conoidasida; o__Gregarinasina; f__Gregarinasina; g__Gregarinasina
d__Eukaryota; p__Apusomonadidae; c__Apusomonadidae; o__Apusomonadidae; f__Apusomonadidae; g__Amastigomonas
d__Eukaryota; p__Apusomonadidae; c__Apusomonadidae; o__Apusomonadidae; f__Apusomonadidae; g__Amastigomonas
d__Eukaryota; p__Apusomonadidae; c__Apusomonadidae; o__Apusomonadidae; f__Apusomonadidae; g__Apusomonadidae
d__Eukaryota; p__Apusomonadidae; c__Apusomonadidae; o__Apusomonadidae; f__Apusomonadidae; g__Apusomonas
d__Eukaryota; p__Arthropoda; c__Arachnida; o__Acari; f__Acari; g__Acari
d__Eukaryota; p__Arthropoda; c__Ellipura; o__Collembola; f__Collembola; g__Collembola
d__Eukaryota; p__Arthropoda; c__Ellipura; o__Collembola; f__Collembola; g__Collembola
d__Eukaryota; p__Arthropoda; c__Maxillopoda; o__Calanoida; f__Calanoida; g__Calanoida
d__Eukaryota; p__Ascomycota;;;;
d__Eukaryota; p__Ascomycota;;;;
d__Eukaryota; p__Ascomycota;;;;
d__Eukaryota; p__Ascomycota;;;;
d__Eukaryota; p__Ascomycota;;;;
d__Eukaryota; p__Ascomycota;;;;
d__Eukaryota; p__Ascomycota; c__Dothideomycetes;;;
d__Eukaryota; p__Ascomycota; c__Dothideomycetes;;;
d__Eukaryota; p__Ascomycota; c__Dothideomycetes;;;
d__Eukaryota; p__Ascomycota; c__Dothideomycetes;;;
d__Eukaryota; p__Ascomycota; c__Dothideomycetes;;;
d__Eukaryota; p__Ascomycota; c__Dothideomycetes;;;
d__Eukaryota; p__Ascomycota; c__Dothideomycetes; o__Capnodiales;;
d__Eukaryota; p__Ascomycota; c__Dothideomycetes; o__Capnodiales;;
d__Eukaryota; p__Ascomycota; c__Dothideomycetes; o__Capnodiales; f__Mycosphaerellaceae;
d__Eukaryota; p__Ascomycota; c__Dothideomycetes; o__Capnodiales; f__Mycosphaerellaceae;
d__Eukaryota; p__Ascomycota; c__Dothideomycetes; o__Capnodiales; f__Mycosphaerellaceae; g__Zymoseptoria
d__Eukaryota; p__Ascomycota; c__Dothideomycetes; o__Capnodiales; f__Mycosphaerellaceae; g__Zymoseptoria
d__Eukaryota; p__Ascomycota; c__Dothideomycetes; o__Dothideales; f__Aureobasidiaceae;
d__Eukaryota; p__Ascomycota; c__Dothideomycetes; o__Pleosporales; f__Phaeosphaeriaceae; g__Parastagonospora
d__Eukaryota; p__Ascomycota; c__Eurotiomycetes;;;
d__Eukaryota; p__Ascomycota; c__Eurotiomycetes; o__Chaetothyriales; f__Herpotrichiellaceae; g__Exophiala
d__Eukaryota; p__Ascomycota; c__Eurotiomycetes; o__Eurotiales; f__Aspergillaceae; g__Aspergillus
d__Eukaryota; p__Ascomycota; c__Eurotiomycetes; o__Eurotiales; f__Trichocomaceae;
d__Eukaryota; p__Ascomycota; c__Eurotiomycetes; o__Onygenales; f__Onygenaceae;
d__Eukaryota; p__Ascomycota; c__Leotiomycetes; o__Helotiales;;
d__Eukaryota; p__Ascomycota; c__Leotiomycetes; o__Helotiales;;
d__Eukaryota; p__Ascomycota; c__Leotiomycetes; o__Helotiales; f__Incertae_Sedis;
d__Eukaryota; p__Ascomycota; c__Leotiomycetes; o__Helotiales; f__Incertae_Sedis; g__Tetracladium
d__Eukaryota; p__Ascomycota; c__Orbiliomycetes; o__Orbiliales; f__Orbiliaceae;
d__Eukaryota; p__Ascomycota; c__Pezizomycetes; o__Pezizales;;
d__Eukaryota; p__Ascomycota; c__Pezizomycetes; o__Pezizales; f__Ascodesmidaceae;
d__Eukaryota; p__Ascomycota; c__Pezizomycetes; o__Pezizales; f__Pezizaceae;
d__Eukaryota; p__Ascomycota; c__Pezizomycetes; o__Pezizales; f__Pezizaceae;
d__Eukaryota; p__Ascomycota; c__Pezizomycetes; o__Pezizales; f__Pyronemataceae;
d__Eukaryota; p__Ascomycota; c__Pezizomycetes; o__Pezizales; f__Pyronemataceae;
d__Eukaryota; p__Ascomycota; c__Pezizomycetes; o__Pezizales; f__Tuberaceae; g__Tuber
d__Eukaryota; p__Ascomycota; c__Saccharomycetes; o__Saccharomycetales;;
d__Eukaryota; p__Ascomycota; c__Saccharomycetes; o__Saccharomycetales;;
d__Eukaryota; p__Ascomycota; c__Saccharomycetes; o__Saccharomycetales; f__Debaryomycetaceae; g__Debaryomyces
d__Eukaryota; p__Ascomycota; c__Saccharomycetes; o__Saccharomycetales; f__Lipomycetaceae; g__Lipomyces
d__Eukaryota; p__Ascomycota; c__Saccharomycetes; o__Saccharomycetales; f__Trichomonascaceae;
d__Eukaryota; p__Ascomycota; c__Saccharomycetes; o__Saccharomycetales; f__Trichomonascaceae;
d__Eukaryota; p__Ascomycota; c__Saccharomycetes; o__Saccharomycetales; f__Trichomonascaceae;
d__Eukaryota; p__Ascomycota; c__Saccharomycetes; o__Saccharomycetales; f__Trichomonascaceae; g__Sugiyamaella
d__Eukaryota; p__Ascomycota; c__Sordariomycetes; o__Sordariales; f__Chaetomiaceae; g__Chaetomium
d__Eukaryota; p__Ascomycota; c__Sordariomycetes; o__Xylariales;;
d__Eukaryota; p__Ascomycota; c__Taphrinomycetes; o__Taphrinales;;
d__Eukaryota; p__Basidiomycota;;;;
d__Eukaryota; p__Basidiomycota;;;;
d__Eukaryota; p__Basidiomycota;;;;
d__Eukaryota; p__Basidiomycota;;;;
d__Eukaryota; p__Basidiomycota; c__Agaricomycetes;;;
d__Eukaryota; p__Basidiomycota; c__Agaricomycetes;;;
d__Eukaryota; p__Basidiomycota; c__Agaricomycetes;;;
d__Eukaryota; p__Basidiomycota; c__Agaricomycetes;;;
d__Eukaryota; p__Basidiomycota; c__Agaricomycetes;;;
d__Eukaryota; p__Basidiomycota; c__Agaricomycetes;;;
d__Eukaryota; p__Basidiomycota; c__Agaricomycetes;;;
d__Eukaryota; p__Basidiomycota; c__Agaricomycetes;;;
d__Eukaryota; p__Basidiomycota; c__Agaricomycetes;;;
d__Eukaryota; p__Basidiomycota; c__Agaricomycetes;;;
d__Eukaryota; p__Basidiomycota; c__Agaricomycetes;;;
d__Eukaryota; p__Basidiomycota; c__Agaricomycetes;;;
d__Eukaryota; p__Basidiomycota; c__Agaricomycetes; o__Agaricales;;
d__Eukaryota; p__Basidiomycota; c__Agaricomycetes; o__Agaricales; f__Agaricales;
d__Eukaryota; p__Basidiomycota; c__Agaricomycetes; o__Agaricales; f__Agaricales;
d__Eukaryota; p__Basidiomycota; c__Agaricomycetes; o__Boletales;;
d__Eukaryota; p__Basidiomycota; c__Agaricomycetes; o__Boletales;;
d__Eukaryota; p__Basidiomycota; c__Agaricomycetes; o__Boletales;;
d__Eukaryota; p__Basidiomycota; c__Agaricomycetes; o__Cantharellales; f__Ceratobasidiaceae;
d__Eukaryota; p__Basidiomycota; c__Agaricomycetes; o__Cantharellales; f__Tulasnellaceae; g__Tulasnella
d__Eukaryota; p__Basidiomycota; c__Agaricomycetes; o__Corticiales; f__Corticiaceae; g__Sistotrema
d__Eukaryota; p__Basidiomycota; c__Agaricomycetes; o__Polyporales;;
d__Eukaryota; p__Basidiomycota; c__Agaricomycetes; o__Russulales;;
d__Eukaryota; p__Basidiomycota; c__Agaricomycetes; o__Russulales;;
d__Eukaryota; p__Basidiomycota; c__Agaricomycetes; o__Thelephorales; f__uncultured; g__uncultured
d__Eukaryota; p__Basidiomycota; c__Agaricomycetes; o__Thelephorales; f__uncultured; g__uncultured
d__Eukaryota; p__Basidiomycota; c__Agaricostilbomycetes; o__Agaricostilbales; f__Kondoaceae; g__Kondoa
d__Eukaryota; p__Basidiomycota; c__Cystobasidiomycetes;;;
d__Eukaryota; p__Basidiomycota; c__Cystobasidiomycetes; o__Incertae_Sedis; f__Incertae_Sedis;
d__Eukaryota; p__Basidiomycota; c__Microbotryomycetes; o__Incertae_Sedis; f__Chrysozymaceae;
d__Eukaryota; p__Basidiomycota; c__Microbotryomycetes; o__Sporidiobolales; f__Sporidiobolaceae; g__Rhodotorula
d__Eukaryota; p__Basidiomycota; c__Tremellomycetes; o__Cystofilobasidiales; f__Mrakiaceae;
d__Eukaryota; p__Basidiomycota; c__Tremellomycetes; o__Filobasidiales;;
d__Eukaryota; p__Basidiomycota; c__Tremellomycetes; o__Filobasidiales; f__Filobasidiaceae;
d__Eukaryota; p__Basidiomycota; c__Tremellomycetes; o__Tremellales;;
d__Eukaryota; p__Basidiomycota; c__Tremellomycetes; o__Tremellales;;
d__Eukaryota; p__Basidiomycota; c__Tremellomycetes; o__Tremellales;;
d__Eukaryota; p__Basidiomycota; c__Tremellomycetes; o__Tremellales; f__Cuniculitremaceae; g__Kockovaella
d__Eukaryota; p__Basidiomycota; c__Tremellomycetes; o__Trichosporonales; f__Trichosporonaceae; g__Apiotrichum
d__Eukaryota; p__Basidiomycota; c__Tremellomycetes; o__Trichosporonales; f__Trichosporonaceae; g__Cutaneotrichosporon
d__Eukaryota; p__Basidiomycota; c__Tremellomycetes; o__Trichosporonales; f__Trichosporonaceae; g__Trichosporon
d__Eukaryota; p__Bicosoecida;;;;
d__Eukaryota; p__Bicosoecida;;;;
d__Eukaryota; p__Bicosoecida;;;;
d__Eukaryota; p__Bicosoecida;;;;
d__Eukaryota; p__Bicosoecida;;;;
d__Eukaryota; p__Bicosoecida; c__Bicosoecida; o__Bicosoecida; f__Bicosoecida; g__Bicosoeca
d__Eukaryota; p__Bicosoecida; c__CH1-2B-3; o__CH1-2B-3; f__CH1-2B-3; g__CH1-2B-3
d__Eukaryota; p__Bicosoecida; c__CH1-2B-3; o__CH1-2B-3; f__CH1-2B-3; g__CH1-2B-3
d__Eukaryota; p__Blastocladiomycota; c__Blastocladiomycetes; o__Blastocladiales; f__Blastocladiaceae; g__Allomyces
d__Eukaryota; p__Cavosteliida; c__Cavosteliida; o__Cavosteliida; f__Cavosteliida; g__Cavosteliida
d__Eukaryota; p__Cavosteliida; c__Cavosteliida; o__Cavosteliida; f__Cavosteliida; g__Schizoplasmodiopsis
d__Eukaryota; p__Centrohelida; c__Centrohelida; o__Centrohelida;;
d__Eukaryota; p__Centrohelida; c__Centrohelida; o__Centrohelida;;
d__Eukaryota; p__Centrohelida; c__Centrohelida; o__Centrohelida; f__Acanthocystidae; g__Pterocystis
d__Eukaryota; p__Cercozoa;;;;
d__Eukaryota; p__Cercozoa;;;;
d__Eukaryota; p__Cercozoa;;;;
d__Eukaryota; p__Cercozoa;;;;
d__Eukaryota; p__Cercozoa;;;;
d__Eukaryota; p__Cercozoa;;;;
d__Eukaryota; p__Cercozoa;;;;
d__Eukaryota; p__Cercozoa;;;;
d__Eukaryota; p__Cercozoa;;;;
d__Eukaryota; p__Cercozoa;;;;
d__Eukaryota; p__Cercozoa;;;;
d__Eukaryota; p__Cercozoa;;;;
d__Eukaryota; p__Cercozoa;;;;
d__Eukaryota; p__Cercozoa;;;;
d__Eukaryota; p__Cercozoa;;;;
d__Eukaryota; p__Cercozoa;;;;
d__Eukaryota; p__Cercozoa;;;;
d__Eukaryota; p__Cercozoa;;;;
d__Eukaryota; p__Cercozoa;;;;
d__Eukaryota; p__Cercozoa;;;;
d__Eukaryota; p__Cercozoa;;;;
d__Eukaryota; p__Cercozoa;;;;
d__Eukaryota; p__Cercozoa;;;;
d__Eukaryota; p__Cercozoa;;;;
d__Eukaryota; p__Cercozoa;;;;
d__Eukaryota; p__Cercozoa;;;;
d__Eukaryota; p__Cercozoa;;;;
d__Eukaryota; p__Cercozoa;;;;
d__Eukaryota; p__Cercozoa;;;;
d__Eukaryota; p__Cercozoa;;;;
d__Eukaryota; p__Cercozoa;;;;
d__Eukaryota; p__Cercozoa;;;;
d__Eukaryota; p__Cercozoa;;;;
d__Eukaryota; p__Cercozoa;;;;
d__Eukaryota; p__Cercozoa;;;;
d__Eukaryota; p__Cercozoa;;;;
d__Eukaryota; p__Cercozoa;;;;
d__Eukaryota; p__Cercozoa;;;;
d__Eukaryota; p__Cercozoa;;;;
d__Eukaryota; p__Cercozoa; c__Cercomonadidae; o__Cercomonadidae; f__Cercomonadidae;
d__Eukaryota; p__Cercozoa; c__Cercomonadidae; o__Cercomonadidae; f__Cercomonadidae;
d__Eukaryota; p__Cercozoa; c__Cercomonadidae; o__Cercomonadidae; f__Cercomonadidae;
d__Eukaryota; p__Cercozoa; c__Cercomonadidae; o__Cercomonadidae; f__Cercomonadidae;
d__Eukaryota; p__Cercozoa; c__Cercomonadidae; o__Cercomonadidae; f__Cercomonadidae;
d__Eukaryota; p__Cercozoa; c__Cercomonadidae; o__Cercomonadidae; f__Cercomonadidae;
d__Eukaryota; p__Cercozoa; c__Cercomonadidae; o__Cercomonadidae; f__Cercomonadidae;
d__Eukaryota; p__Cercozoa; c__Cercomonadidae; o__Cercomonadidae; f__Cercomonadidae;
d__Eukaryota; p__Cercozoa; c__Cercomonadidae; o__Cercomonadidae; f__Cercomonadidae;
d__Eukaryota; p__Cercozoa; c__Cercomonadidae; o__Cercomonadidae; f__Cercomonadidae;
d__Eukaryota; p__Cercozoa; c__Cercomonadidae; o__Cercomonadidae; f__Cercomonadidae;
d__Eukaryota; p__Cercozoa; c__Cercomonadidae; o__Cercomonadidae; f__Cercomonadidae;
d__Eukaryota; p__Cercozoa; c__Cercomonadidae; o__Cercomonadidae; f__Cercomonadidae;
d__Eukaryota; p__Cercozoa; c__Cercomonadidae; o__Cercomonadidae; f__Cercomonadidae;
d__Eukaryota; p__Cercozoa; c__Cercomonadidae; o__Cercomonadidae; f__Cercomonadidae;
d__Eukaryota; p__Cercozoa; c__Cercomonadidae; o__Cercomonadidae; f__Cercomonadidae;
d__Eukaryota; p__Cercozoa; c__Cercomonadidae; o__Cercomonadidae; f__Cercomonadidae;
d__Eukaryota; p__Cercozoa; c__Cercomonadidae; o__Cercomonadidae; f__Cercomonadidae;
d__Eukaryota; p__Cercozoa; c__Cercomonadidae; o__Cercomonadidae; f__Cercomonadidae; g__Cercomonas
d__Eukaryota; p__Cercozoa; c__Cercomonadidae; o__Cercomonadidae; f__Cercomonadidae; g__Cercomonas
d__Eukaryota; p__Cercozoa; c__Cercomonadidae; o__Cercomonadidae; f__Cercomonadidae; g__Cercomonas
d__Eukaryota; p__Cercozoa; c__Cercomonadidae; o__Cercomonadidae; f__Cercomonadidae; g__Cercomonas
d__Eukaryota; p__Cercozoa; c__Cercomonadidae; o__Cercomonadidae; f__Cercomonadidae; g__Cercomonas
d__Eukaryota; p__Cercozoa; c__Cercomonadidae; o__Cercomonadidae; f__Cercomonadidae; g__Cercomonas
d__Eukaryota; p__Cercozoa; c__Cercomonadidae; o__Cercomonadidae; f__Cercomonadidae; g__Cercomonas
d__Eukaryota; p__Cercozoa; c__Cercomonadidae; o__Cercomonadidae; f__Cercomonadidae; g__Cercomonas
d__Eukaryota; p__Cercozoa; c__Cercomonadidae; o__Cercomonadidae; f__Cercomonadidae; g__Cercomonas
d__Eukaryota; p__Cercozoa; c__Cercomonadidae; o__Cercomonadidae; f__Cercomonadidae; g__Cercomonas
d__Eukaryota; p__Cercozoa; c__Cercomonadidae; o__Cercomonadidae; f__Cercomonadidae; g__Cercomonas
d__Eukaryota; p__Cercozoa; c__Cercomonadidae; o__Cercomonadidae; f__Cercomonadidae; g__Cercomonas
d__Eukaryota; p__Cercozoa; c__Cercomonadidae; o__Cercomonadidae; f__Cercomonadidae; g__Cercomonas
d__Eukaryota; p__Cercozoa; c__Cercomonadidae; o__Cercomonadidae; f__Cercomonadidae; g__Cercomonas
d__Eukaryota; p__Cercozoa; c__Cercomonadidae; o__Cercomonadidae; f__Cercomonadidae; g__Cercomonas
d__Eukaryota; p__Cercozoa; c__Cercomonadidae; o__Cercomonadidae; f__Cercomonadidae; g__Cercomonas
d__Eukaryota; p__Cercozoa; c__Cercomonadidae; o__Cercomonadidae; f__Cercomonadidae; g__Cercomonas
d__Eukaryota; p__Cercozoa; c__Cercomonadidae; o__Cercomonadidae; f__Cercomonadidae; g__Cercomonas
d__Eukaryota; p__Cercozoa; c__Cercomonadidae; o__Cercomonadidae; f__Cercomonadidae; g__Cercomonas
d__Eukaryota; p__Cercozoa; c__Cercomonadidae; o__Cercomonadidae; f__Cercomonadidae; g__Cercomonas
d__Eukaryota; p__Cercozoa; c__Cercomonadidae; o__Cercomonadidae; f__Cercomonadidae; g__Cercomonas
d__Eukaryota; p__Cercozoa; c__Cercomonadidae; o__Cercomonadidae; f__Cercomonadidae; g__Cercomonas
d__Eukaryota; p__Cercozoa; c__Cercomonadidae; o__Cercomonadidae; f__Cercomonadidae; g__Cercomonas
d__Eukaryota; p__Cercozoa; c__Cercomonadidae; o__Cercomonadidae; f__Cercomonadidae; g__Cercomonas
d__Eukaryota; p__Cercozoa; c__Cercomonadidae; o__Cercomonadidae; f__Cercomonadidae; g__Cercomonas
d__Eukaryota; p__Cercozoa; c__Cercomonadidae; o__Cercomonadidae; f__Cercomonadidae; g__Cercomonas
d__Eukaryota; p__Cercozoa; c__Cercomonadidae; o__Cercomonadidae; f__Cercomonadidae; g__Cercomonas
d__Eukaryota; p__Cercozoa; c__Cercomonadidae; o__Cercomonadidae; f__Cercomonadidae; g__Cercomonas
d__Eukaryota; p__Cercozoa; c__Cercomonadidae; o__Cercomonadidae; f__Cercomonadidae; g__Cercomonas
d__Eukaryota; p__Cercozoa; c__Cercomonadidae; o__Cercomonadidae; f__Cercomonadidae; g__Paracercomonas
d__Eukaryota; p__Cercozoa; c__Cercomonadidae; o__Cercomonadidae; f__Cercomonadidae; g__Paracercomonas
d__Eukaryota; p__Cercozoa; c__Cercomonadidae; o__Cercomonadidae; f__Cercomonadidae; g__Paracercomonas
d__Eukaryota; p__Cercozoa; c__Cercomonadidae; o__Cercomonadidae; f__Cercomonadidae; g__uncultured
d__Eukaryota; p__Cercozoa; c__Cercomonadidae; o__Cercomonadidae; f__Cercomonadidae; g__uncultured
d__Eukaryota; p__Cercozoa; c__Cercomonadidae; o__Cercomonadidae; f__Cercomonadidae; g__uncultured
d__Eukaryota; p__Cercozoa; c__Cercomonadidae; o__Cercomonadidae; f__Cercomonadidae; g__uncultured
d__Eukaryota; p__Cercozoa; c__Glissomonadida; o__Glissomonadida; f__Glissomonadida;
d__Eukaryota; p__Cercozoa; c__Glissomonadida; o__Glissomonadida; f__Glissomonadida;
d__Eukaryota; p__Cercozoa; c__Glissomonadida; o__Glissomonadida; f__Glissomonadida;
d__Eukaryota; p__Cercozoa; c__Glissomonadida; o__Glissomonadida; f__Glissomonadida;
d__Eukaryota; p__Cercozoa; c__Glissomonadida; o__Glissomonadida; f__Glissomonadida; g__Heteromita
d__Eukaryota; p__Cercozoa; c__Glissomonadida; o__Glissomonadida; f__Glissomonadida; g__Heteromita
d__Eukaryota; p__Cercozoa; c__Glissomonadida; o__Glissomonadida; f__Glissomonadida; g__Heteromita
d__Eukaryota; p__Cercozoa; c__Glissomonadida; o__Glissomonadida; f__Glissomonadida; g__uncultured
d__Eukaryota; p__Cercozoa; c__Imbricatea;;;
d__Eukaryota; p__Cercozoa; c__Imbricatea;;;
d__Eukaryota; p__Cercozoa; c__Imbricatea; o__Imbricatea;;
d__Eukaryota; p__Cercozoa; c__Imbricatea; o__Imbricatea;;
d__Eukaryota; p__Cercozoa; c__Imbricatea; o__Imbricatea;;
d__Eukaryota; p__Cercozoa; c__Imbricatea; o__Imbricatea; f__Euglyphida;
d__Eukaryota; p__Cercozoa; c__Imbricatea; o__Imbricatea; f__Euglyphida;
d__Eukaryota; p__Cercozoa; c__Imbricatea; o__Imbricatea; f__Euglyphida;
d__Eukaryota; p__Cercozoa; c__Imbricatea; o__Imbricatea; f__Euglyphida;
d__Eukaryota; p__Cercozoa; c__Imbricatea; o__Imbricatea; f__Euglyphida;
d__Eukaryota; p__Cercozoa; c__Imbricatea; o__Imbricatea; f__Euglyphida;
d__Eukaryota; p__Cercozoa; c__Imbricatea; o__Imbricatea; f__Euglyphida;
d__Eukaryota; p__Cercozoa; c__Imbricatea; o__Imbricatea; f__Euglyphida;
d__Eukaryota; p__Cercozoa; c__Imbricatea; o__Imbricatea; f__Euglyphida; g__Euglypha
d__Eukaryota; p__Cercozoa; c__Imbricatea; o__Imbricatea; f__Euglyphida; g__Euglypha
d__Eukaryota; p__Cercozoa; c__Imbricatea; o__Imbricatea; f__Euglyphida; g__Paulinella
d__Eukaryota; p__Cercozoa; c__Imbricatea; o__Imbricatea; f__Euglyphida; g__Paulinella
d__Eukaryota; p__Cercozoa; c__Imbricatea; o__Imbricatea; f__Euglyphida; g__Trinema
d__Eukaryota; p__Cercozoa; c__Imbricatea; o__Imbricatea; f__Euglyphida; g__Trinema
d__Eukaryota; p__Cercozoa; c__Imbricatea; o__Imbricatea; f__Euglyphida; g__Trinema
d__Eukaryota; p__Cercozoa; c__Imbricatea; o__Imbricatea; f__Euglyphida; g__Trinema
d__Eukaryota; p__Cercozoa; c__Imbricatea; o__Imbricatea; f__Thaumatomonadida;
d__Eukaryota; p__Cercozoa; c__Imbricatea; o__Imbricatea; f__Thaumatomonadida;
d__Eukaryota; p__Cercozoa; c__Imbricatea; o__Imbricatea; f__Thaumatomonadida;
d__Eukaryota; p__Cercozoa; c__Imbricatea; o__Imbricatea; f__Thaumatomonadida;
d__Eukaryota; p__Cercozoa; c__Imbricatea; o__Imbricatea; f__Thaumatomonadida;
d__Eukaryota; p__Cercozoa; c__Incertae_Sedis; o__Incertae_Sedis; f__Incertae_Sedis; g__Gymnophrys
d__Eukaryota; p__Cercozoa; c__Incertae_Sedis; o__Incertae_Sedis; f__Incertae_Sedis; g__Gymnophrys
d__Eukaryota; p__Cercozoa; c__Incertae_Sedis; o__Incertae_Sedis; f__Incertae_Sedis; g__Gymnophrys
d__Eukaryota; p__Cercozoa; c__Incertae_Sedis; o__Incertae_Sedis; f__Incertae_Sedis; g__Gymnophrys
d__Eukaryota; p__Cercozoa; c__Incertae_Sedis; o__Incertae_Sedis; f__Incertae_Sedis; g__Gymnophrys
d__Eukaryota; p__Cercozoa; c__Incertae_Sedis; o__Incertae_Sedis; f__Incertae_Sedis; g__Gymnophrys
d__Eukaryota; p__Cercozoa; c__Incertae_Sedis; o__Incertae_Sedis; f__Incertae_Sedis; g__Gymnophrys
d__Eukaryota; p__Cercozoa; c__Incertae_Sedis; o__Incertae_Sedis; f__Incertae_Sedis; g__Kraken
d__Eukaryota; p__Cercozoa; c__Incertae_Sedis; o__Incertae_Sedis; f__Incertae_Sedis; g__Kraken
d__Eukaryota; p__Cercozoa; c__Incertae_Sedis; o__Incertae_Sedis; f__Incertae_Sedis; g__Kraken
d__Eukaryota; p__Cercozoa; c__Phytomyxea; o__Phytomyxea; f__Phytomyxea;
d__Eukaryota; p__Cercozoa; c__Phytomyxea; o__Phytomyxea; f__Phytomyxea;
d__Eukaryota; p__Cercozoa; c__Phytomyxea; o__Phytomyxea; f__Phytomyxea;
d__Eukaryota; p__Cercozoa; c__Phytomyxea; o__Phytomyxea; f__Phytomyxea;
d__Eukaryota; p__Cercozoa; c__Phytomyxea; o__Phytomyxea; f__Phytomyxea;
d__Eukaryota; p__Cercozoa; c__Phytomyxea; o__Phytomyxea; f__Phytomyxea; g__Polymyxa
d__Eukaryota; p__Cercozoa; c__Thecofilosea;;;
d__Eukaryota; p__Cercozoa; c__Thecofilosea;;;
d__Eukaryota; p__Cercozoa; c__Thecofilosea;;;
d__Eukaryota; p__Cercozoa; c__Thecofilosea;;;
d__Eukaryota; p__Cercozoa; c__Thecofilosea;;;
d__Eukaryota; p__Cercozoa; c__Thecofilosea;;;
d__Eukaryota; p__Cercozoa; c__Thecofilosea;;;
d__Eukaryota; p__Cercozoa; c__Thecofilosea; o__Cryomonadida;;
d__Eukaryota; p__Cercozoa; c__Thecofilosea; o__Cryomonadida;;
d__Eukaryota; p__Cercozoa; c__Thecofilosea; o__Cryomonadida; f__Protaspidae; g__Protaspis
d__Eukaryota; p__Cercozoa; c__Thecofilosea; o__Cryomonadida; f__Rhizaspididae; g__Rhogostoma
d__Eukaryota; p__Cercozoa; c__Thecofilosea; o__Incertae_Sedis; f__Incertae_Sedis;
d__Eukaryota; p__Cercozoa; c__uncultured; o__uncultured; f__uncultured; g__uncultured
d__Eukaryota; p__Cercozoa; c__uncultured; o__uncultured; f__uncultured; g__uncultured
d__Eukaryota; p__Cercozoa; c__uncultured; o__uncultured; f__uncultured; g__uncultured
d__Eukaryota; p__Cercozoa; c__uncultured; o__uncultured; f__uncultured; g__uncultured
d__Eukaryota; p__Cercozoa; c__uncultured; o__uncultured; f__uncultured; g__uncultured
d__Eukaryota; p__Cercozoa; c__uncultured; o__uncultured; f__uncultured; g__uncultured
d__Eukaryota; p__Cercozoa; c__uncultured; o__uncultured; f__uncultured; g__uncultured
d__Eukaryota; p__Cercozoa; c__uncultured; o__uncultured; f__uncultured; g__uncultured
d__Eukaryota; p__Cercozoa; c__uncultured; o__uncultured; f__uncultured; g__uncultured
d__Eukaryota; p__Cercozoa; c__uncultured; o__uncultured; f__uncultured; g__uncultured
d__Eukaryota; p__Cercozoa; c__uncultured; o__uncultured; f__uncultured; g__uncultured
d__Eukaryota; p__Cercozoa; c__uncultured; o__uncultured; f__uncultured; g__uncultured
d__Eukaryota; p__Cercozoa; c__Vampyrellidae; o__Vampyrellidae; f__Vampyrellidae;
d__Eukaryota; p__Cercozoa; c__Vampyrellidae; o__Vampyrellidae; f__Vampyrellidae;
d__Eukaryota; p__Cercozoa; c__Vampyrellidae; o__Vampyrellidae; f__Vampyrellidae;
d__Eukaryota; p__Cercozoa; c__Vampyrellidae; o__Vampyrellidae; f__Vampyrellidae;
d__Eukaryota; p__Cercozoa; c__Vampyrellidae; o__Vampyrellidae; f__Vampyrellidae; g__uncultured
d__Eukaryota; p__Cercozoa; c__Vampyrellidae; o__Vampyrellidae; f__Vampyrellidae; g__uncultured
d__Eukaryota; p__Cercozoa; c__Vampyrellidae; o__Vampyrellidae; f__Vampyrellidae; g__uncultured
d__Eukaryota; p__Cercozoa; c__Vampyrellidae; o__Vampyrellidae; f__Vampyrellidae; g__uncultured
d__Eukaryota; p__Cercozoa; c__Vampyrellidae; o__Vampyrellidae; f__Vampyrellidae; g__uncultured
d__Eukaryota; p__Cercozoa; c__Vampyrellidae; o__Vampyrellidae; f__Vampyrellidae; g__uncultured
d__Eukaryota; p__Cercozoa; c__Vampyrellidae; o__Vampyrellidae; f__Vampyrellidae; g__uncultured
d__Eukaryota; p__Cercozoa; c__Vampyrellidae; o__Vampyrellidae; f__Vampyrellidae; g__uncultured
d__Eukaryota; p__Cercozoa; c__Vampyrellidae; o__Vampyrellidae; f__Vampyrellidae; g__uncultured
d__Eukaryota; p__Cercozoa; c__Vampyrellidae; o__Vampyrellidae; f__Vampyrellidae; g__uncultured
d__Eukaryota; p__Cercozoa; c__Vampyrellidae; o__Vampyrellidae; f__Vampyrellidae; g__uncultured
d__Eukaryota; p__Cercozoa; c__Vampyrellidae; o__Vampyrellidae; f__Vampyrellidae; g__uncultured
d__Eukaryota; p__Cercozoa; c__Vampyrellidae; o__Vampyrellidae; f__Vampyrellidae; g__uncultured
d__Eukaryota; p__Cercozoa; c__Vampyrellidae; o__Vampyrellidae; f__Vampyrellidae; g__uncultured
d__Eukaryota; p__Cercozoa; c__Vampyrellidae; o__Vampyrellidae; f__Vampyrellidae; g__uncultured
d__Eukaryota; p__Cercozoa; c__Vampyrellidae; o__Vampyrellidae; f__Vampyrellidae; g__Vampyrellidae
d__Eukaryota; p__Cercozoa; c__Vampyrellidae; o__Vampyrellidae; f__Vampyrellidae; g__Vampyrellidae
d__Eukaryota; p__Cercozoa; c__Vampyrellidae; o__Vampyrellidae; f__Vampyrellidae; g__Vampyrellidae
d__Eukaryota; p__Chlorophyta; c__Chlorophyceae; o__Chlorophyceae; f__Chlorophyceae; g__Chlorophyceae
d__Eukaryota; p__Chlorophyta; c__Chlorophyceae; o__Chlorophyceae; f__Chlorophyceae; g__Chlorophyceae
d__Eukaryota; p__Chlorophyta; c__Chlorophyceae; o__Chlorophyceae; f__Chlorophyceae; g__Chlorophyceae
d__Eukaryota; p__Chlorophyta; c__Chlorophyceae; o__Chlorophyceae; f__Chlorophyceae; g__Chlorophyceae
d__Eukaryota; p__Chlorophyta; c__Chlorophyceae; o__Chlorophyceae; f__Chlorophyceae; g__Chlorophyceae
d__Eukaryota; p__Chlorophyta; c__Chlorophyceae; o__Chlorophyceae; f__Chlorophyceae; g__Chlorophyceae
d__Eukaryota; p__Chlorophyta; c__Chlorophyceae; o__Chlorophyceae; f__Chlorophyceae; g__Chlorophyceae
d__Eukaryota; p__Chlorophyta; c__Trebouxiophyceae; o__Trebouxiophyceae; f__Trebouxiophyceae; g__Trebouxiophyceae
d__Eukaryota; p__Chlorophyta; c__Trebouxiophyceae; o__Trebouxiophyceae; f__Trebouxiophyceae; g__Trebouxiophyceae
d__Eukaryota; p__Chlorophyta; c__Trebouxiophyceae; o__Trebouxiophyceae; f__Trebouxiophyceae; g__Trebouxiophyceae
d__Eukaryota; p__Chlorophyta; c__Trebouxiophyceae; o__Trebouxiophyceae; f__Trebouxiophyceae; g__Trebouxiophyceae
d__Eukaryota; p__Chytridiomycota; c__Chytridiomycetes;;;
d__Eukaryota; p__Chytridiomycota; c__Chytridiomycetes;;;
d__Eukaryota; p__Chytridiomycota; c__Chytridiomycetes;;;
d__Eukaryota; p__Chytridiomycota; c__Chytridiomycetes;;;
d__Eukaryota; p__Chytridiomycota; c__Chytridiomycetes;;;
d__Eukaryota; p__Chytridiomycota; c__Chytridiomycetes;;;
d__Eukaryota; p__Chytridiomycota; c__Chytridiomycetes;;;
d__Eukaryota; p__Chytridiomycota; c__Chytridiomycetes;;;
d__Eukaryota; p__Chytridiomycota; c__Chytridiomycetes;;;
d__Eukaryota; p__Chytridiomycota; c__Chytridiomycetes;;;
d__Eukaryota; p__Chytridiomycota; c__Chytridiomycetes;;;
d__Eukaryota; p__Chytridiomycota; c__Chytridiomycetes; o__Lobulomycetales; f__Lobulomycetaceae;
d__Eukaryota; p__Chytridiomycota; c__Chytridiomycetes; o__Lobulomycetales; f__Lobulomycetaceae;
d__Eukaryota; p__Chytridiomycota; c__Chytridiomycetes; o__Lobulomycetales; f__Lobulomycetaceae; g__uncultured
d__Eukaryota; p__Chytridiomycota; c__Chytridiomycetes; o__Rhizophydiales;;
d__Eukaryota; p__Chytridiomycota; c__Chytridiomycetes; o__Rhizophydiales;;
d__Eukaryota; p__Chytridiomycota; c__Chytridiomycetes; o__Rhizophydiales;;
d__Eukaryota; p__Chytridiomycota; c__Chytridiomycetes; o__Rhizophydiales;;
d__Eukaryota; p__Chytridiomycota; c__Chytridiomycetes; o__Rhizophydiales;;
d__Eukaryota; p__Chytridiomycota; c__Chytridiomycetes; o__Rhizophydiales;;
d__Eukaryota; p__Chytridiomycota; c__Chytridiomycetes; o__Rhizophydiales; f__Rhizophydiaceae; g__Rhizophydium
d__Eukaryota; p__Chytridiomycota; c__Chytridiomycetes; o__Rhizophydiales; f__uncultured; g__uncultured
d__Eukaryota; p__Chytridiomycota; c__Chytridiomycetes; o__Spizellomycetales;;
d__Eukaryota; p__Chytridiomycota; c__Chytridiomycetes; o__Spizellomycetales;;
d__Eukaryota; p__Chytridiomycota; c__Chytridiomycetes; o__Spizellomycetales; f__Powellomycetaceae;
d__Eukaryota; p__Ciliophora; c__Intramacronucleata; o__Conthreep; f__Colpodea;
d__Eukaryota; p__Ciliophora; c__Intramacronucleata; o__Conthreep; f__Colpodea;
d__Eukaryota; p__Ciliophora; c__Intramacronucleata; o__Conthreep; f__Colpodea;
d__Eukaryota; p__Ciliophora; c__Intramacronucleata; o__Conthreep; f__Colpodea;
d__Eukaryota; p__Ciliophora; c__Intramacronucleata; o__Conthreep; f__Colpodea;
d__Eukaryota; p__Ciliophora; c__Intramacronucleata; o__Conthreep; f__Colpodea;
d__Eukaryota; p__Ciliophora; c__Intramacronucleata; o__Conthreep; f__Colpodea;
d__Eukaryota; p__Ciliophora; c__Intramacronucleata; o__Conthreep; f__Colpodea;
d__Eukaryota; p__Ciliophora; c__Intramacronucleata; o__Conthreep; f__Colpodea;
d__Eukaryota; p__Ciliophora; c__Intramacronucleata; o__Conthreep; f__Colpodea;
d__Eukaryota; p__Ciliophora; c__Intramacronucleata; o__Conthreep; f__Colpodea;
d__Eukaryota; p__Ciliophora; c__Intramacronucleata; o__Conthreep; f__Colpodea; g__Bryometopus
d__Eukaryota; p__Ciliophora; c__Intramacronucleata; o__Conthreep; f__Colpodea; g__Bryometopus
d__Eukaryota; p__Ciliophora; c__Intramacronucleata; o__Conthreep; f__Colpodea; g__Colpodida
d__Eukaryota; p__Ciliophora; c__Intramacronucleata; o__Conthreep; f__Nassophorea;
d__Eukaryota; p__Ciliophora; c__Intramacronucleata; o__Conthreep; f__Oligohymenophorea;
d__Eukaryota; p__Ciliophora; c__Intramacronucleata; o__Conthreep; f__Oligohymenophorea;
d__Eukaryota; p__Ciliophora; c__Intramacronucleata; o__Conthreep; f__Oligohymenophorea; g__Scuticociliatia
d__Eukaryota; p__Ciliophora; c__Intramacronucleata; o__Conthreep; f__Prostomatea; g__Cryptocaryon
d__Eukaryota; p__Ciliophora; c__Intramacronucleata; o__Litostomatea; f__Haptoria;
d__Eukaryota; p__Ciliophora; c__Intramacronucleata; o__Litostomatea; f__Haptoria; g__Arcuospathidium
d__Eukaryota; p__Ciliophora; c__Intramacronucleata; o__Litostomatea; f__Haptoria; g__Haptoria
d__Eukaryota; p__Ciliophora; c__Intramacronucleata; o__Litostomatea; f__Haptoria; g__Haptoria
d__Eukaryota; p__Ciliophora; c__Intramacronucleata; o__Litostomatea; f__Trichostomatia;
d__Eukaryota; p__Ciliophora; c__Intramacronucleata; o__Spirotrichea; f__Hypotrichia;
d__Eukaryota; p__Ciliophora; c__Intramacronucleata; o__Spirotrichea; f__Hypotrichia;
d__Eukaryota; p__Ciliophora; c__Intramacronucleata; o__Spirotrichea; f__Hypotrichia;
d__Eukaryota; p__Ciliophora; c__Intramacronucleata; o__Spirotrichea; f__Hypotrichia;
d__Eukaryota; p__Ciliophora; c__Intramacronucleata; o__Spirotrichea; f__Hypotrichia;
d__Eukaryota; p__Ciliophora; c__Intramacronucleata; o__Spirotrichea; f__Hypotrichia; g__Gonostomum
d__Eukaryota; p__Ciliophora; c__Intramacronucleata; o__Spirotrichea; f__Hypotrichia; g__Hypotrichia
d__Eukaryota; p__Ciliophora; c__Intramacronucleata; o__Spirotrichea; f__Hypotrichia; g__Hypotrichia
d__Eukaryota; p__Ciliophora; c__Intramacronucleata; o__Spirotrichea; f__Hypotrichia; g__Hypotrichia
d__Eukaryota; p__Ciliophora; c__Intramacronucleata; o__Spirotrichea; f__Hypotrichia; g__Hypotrichia
d__Eukaryota; p__Ciliophora; c__Postciliodesmatophora; o__Heterotrichea; f__Heterotrichea; g__Blepharisma
d__Eukaryota; p__Cnidaria; c__Anthozoa;;;
d__Eukaryota; p__Cryptomycota;;;;
d__Eukaryota; p__Cryptomycota; c__Incertae_Sedis; o__Incertae_Sedis; f__Incertae_Sedis; g__Paramicrosporidium
d__Eukaryota; p__Cryptomycota; c__Incertae_Sedis; o__Incertae_Sedis; f__Incertae_Sedis; g__Paramicrosporidium
d__Eukaryota; p__Cryptomycota; c__LKM11; o__LKM11; f__LKM11; g__LKM11
d__Eukaryota; p__Cryptomycota; c__LKM11; o__LKM11; f__LKM11; g__LKM11
d__Eukaryota; p__Cryptomycota; c__LKM11; o__LKM11; f__LKM11; g__LKM11
d__Eukaryota; p__Cryptomycota; c__LKM11; o__LKM11; f__LKM11; g__LKM11
d__Eukaryota; p__Cryptomycota; c__LKM11; o__LKM11; f__LKM11; g__LKM11
d__Eukaryota; p__Cryptomycota; c__LKM11; o__LKM11; f__LKM11; g__LKM11
d__Eukaryota; p__Cryptomycota; c__LKM11; o__LKM11; f__LKM11; g__LKM11
d__Eukaryota; p__Cryptomycota; c__LKM11; o__LKM11; f__LKM11; g__LKM11
d__Eukaryota; p__Cryptomycota; c__LKM11; o__LKM11; f__LKM11; g__LKM11
d__Eukaryota; p__Cryptomycota; c__LKM11; o__LKM11; f__LKM11; g__LKM11
d__Eukaryota; p__Cryptomycota; c__LKM11; o__LKM11; f__LKM11; g__LKM11
d__Eukaryota; p__Cryptomycota; c__LKM11; o__LKM11; f__LKM11; g__LKM11
d__Eukaryota; p__Cryptomycota; c__LKM11; o__LKM11; f__LKM11; g__LKM11
d__Eukaryota; p__Dinoflagellata; c__Dinophyceae;;;
d__Eukaryota; p__Dinoflagellata; c__Dinophyceae; o__Gymnodiniphycidae;;
d__Eukaryota; p__Gracilipodida; c__Gracilipodida; o__Gracilipodida; f__Gracilipodida; g__Filamoeba
d__Eukaryota; p__Gracilipodida; c__Gracilipodida; o__Gracilipodida; f__Gracilipodida; g__Filamoeba
d__Eukaryota; p__Gracilipodida; c__Gracilipodida; o__Gracilipodida; f__Gracilipodida; g__Flamella
d__Eukaryota; p__Gracilipodida; c__Gracilipodida; o__Gracilipodida; f__Gracilipodida; g__Gracilipodida
d__Eukaryota; p__Gracilipodida; c__Gracilipodida; o__Gracilipodida; f__Gracilipodida; g__Gracilipodida
d__Eukaryota; p__Gracilipodida; c__Gracilipodida; o__Gracilipodida; f__Gracilipodida; g__Telaepolella
d__Eukaryota; p__Gracilipodida; c__LEMD267; o__LEMD267; f__LEMD267; g__LEMD267
d__Eukaryota; p__Gracilipodida; c__LEMD267; o__LEMD267; f__LEMD267; g__LEMD267
d__Eukaryota; p__Gracilipodida; c__LEMD267; o__LEMD267; f__LEMD267; g__LEMD267
d__Eukaryota; p__Gracilipodida; c__LEMD267; o__LEMD267; f__LEMD267; g__LEMD267
d__Eukaryota; p__Gracilipodida; c__LEMD267; o__LEMD267; f__LEMD267; g__LEMD267
d__Eukaryota; p__Gracilipodida; c__LEMD267; o__LEMD267; f__LEMD267; g__LEMD267
d__Eukaryota; p__Gracilipodida; c__LEMD267; o__LEMD267; f__LEMD267; g__LEMD267
d__Eukaryota; p__Gracilipodida; c__LEMD267; o__LEMD267; f__LEMD267; g__LEMD267
d__Eukaryota; p__Gracilipodida; c__LEMD267; o__LEMD267; f__LEMD267; g__LEMD267
d__Eukaryota; p__Gracilipodida; c__LEMD267; o__LEMD267; f__LEMD267; g__LEMD267
d__Eukaryota; p__Heterolobosea; c__Tetramitia; o__Tetramitia; f__Tetramitia; g__Vahlkampfia
d__Eukaryota; p__Holozoa;;;;
d__Eukaryota; p__Holozoa; c__Choanoflagellida;;;
d__Eukaryota; p__Holozoa; c__Choanoflagellida;;;
d__Eukaryota; p__Holozoa; c__Choanoflagellida;;;
d__Eukaryota; p__Holozoa; c__Choanoflagellida; o__Codonosigidae; f__Codonosigidae; g__Sphaeroeca
d__Eukaryota; p__Holozoa; c__Choanoflagellida; o__Codonosigidae; f__Codonosigidae; g__Sphaeroeca
d__Eukaryota; p__Holozoa; c__Choanoflagellida; o__Codonosigidae; f__Codonosigidae; g__Sphaeroeca
d__Eukaryota; p__Holozoa; c__Choanoflagellida; o__Craspedida; f__Salpingoecidae;
d__Eukaryota; p__Holozoa; c__Ichthyosporea; o__Pseudoperkinsidae; f__Pseudoperkinsidae;
d__Eukaryota; p__Hyphochytriomycetes; c__Hyphochytriomycetes; o__Hyphochytriales; f__Hyphochytriales;
d__Eukaryota; p__Incertae_Sedis; c__Incertae_Sedis; o__Incertae_Sedis; f__Incertae_Sedis; g__Arboramoeba
d__Eukaryota; p__Incertae_Sedis; c__Incertae_Sedis; o__Incertae_Sedis; f__Incertae_Sedis; g__Arboramoeba
d__Eukaryota; p__Incertae_Sedis; c__Incertae_Sedis; o__Incertae_Sedis; f__Incertae_Sedis; g__Arboramoeba
d__Eukaryota; p__Incertae_Sedis; c__Incertae_Sedis; o__Incertae_Sedis; f__Incertae_Sedis; g__Incertae_Sedis
d__Eukaryota; p__Incertae_Sedis; c__Incertae_Sedis; o__Incertae_Sedis; f__Incertae_Sedis; g__Incertae_Sedis
d__Eukaryota; p__Incertae_Sedis; c__Incertae_Sedis; o__Incertae_Sedis; f__Incertae_Sedis; g__Ischnamoeba
d__Eukaryota; p__Incertae_Sedis; c__Incertae_Sedis; o__Incertae_Sedis; f__Incertae_Sedis; g__Ischnamoeba
d__Eukaryota; p__Incertae_Sedis; c__Incertae_Sedis; o__Incertae_Sedis; f__Incertae_Sedis; g__Ischnamoeba
d__Eukaryota; p__Incertae_Sedis; c__Incertae_Sedis; o__Incertae_Sedis; f__Incertae_Sedis; g__Telonema
d__Eukaryota; p__Labyrinthulomycetes; c__Labyrinthulomycetes; o__Labyrinthulomycetes; f__Amphitraemidae; g__Amphitraemidae
d__Eukaryota; p__Labyrinthulomycetes; c__Labyrinthulomycetes; o__Labyrinthulomycetes; f__Amphitraemidae; g__Amphitraemidae
d__Eukaryota; p__Labyrinthulomycetes; c__Labyrinthulomycetes; o__Labyrinthulomycetes; f__Thraustochytriaceae; g__Aplanochytrium
d__Eukaryota; p__LKM15; c__LKM15; o__LKM15; f__LKM15; g__LKM15
d__Eukaryota; p__LKM15; c__LKM15; o__LKM15; f__LKM15; g__LKM15
d__Eukaryota; p__LKM15; c__LKM15; o__LKM15; f__LKM15; g__LKM15
d__Eukaryota; p__LKM15; c__LKM15; o__LKM15; f__LKM15; g__LKM15
d__Eukaryota; p__LKM15; c__LKM15; o__LKM15; f__LKM15; g__LKM15
d__Eukaryota; p__MAST-12;;;;
d__Eukaryota; p__MAST-12; c__MAST-12C; o__MAST-12C; f__MAST-12C; g__MAST-12C
d__Eukaryota; p__MAST-12; c__MAST-12C; o__MAST-12C; f__MAST-12C; g__MAST-12C
d__Eukaryota; p__Mucoromycota; c__Glomeromycetes;;;
d__Eukaryota; p__Mucoromycota; c__Glomeromycetes; o__Glomerales;;
d__Eukaryota; p__Mucoromycota; c__Incertae_Sedis;;;
d__Eukaryota; p__Mucoromycota; c__Incertae_Sedis;;;
d__Eukaryota; p__Mucoromycota; c__Incertae_Sedis; o__Endogonales; f__Endogonaceae; g__Endogone
d__Eukaryota; p__Mucoromycota; c__Incertae_Sedis; o__Endogonales; f__Endogonaceae; g__Endogone
d__Eukaryota; p__Mucoromycota; c__Incertae_Sedis; o__Endogonales; f__Endogonaceae; g__Endogone
d__Eukaryota; p__Mucoromycota; c__Incertae_Sedis; o__Endogonales; f__Endogonaceae; g__uncultured
d__Eukaryota; p__Mucoromycota; c__Incertae_Sedis; o__Mortierellales;;
d__Eukaryota; p__Mucoromycota; c__Incertae_Sedis; o__Mortierellales; f__Mortierellaceae; g__Mortierella
d__Eukaryota; p__Mucoromycota; c__Incertae_Sedis; o__Mortierellales; f__Mortierellaceae; g__Mortierella
d__Eukaryota; p__Mucoromycota; c__Incertae_Sedis; o__Mortierellales; f__Mortierellaceae; g__Mortierella
d__Eukaryota; p__Mucoromycota; c__Incertae_Sedis; o__Mortierellales; f__Mortierellaceae; g__Mortierella
d__Eukaryota; p__Mucoromycota; c__Incertae_Sedis; o__Mucorales;;
d__Eukaryota; p__Mucoromycota; c__Incertae_Sedis; o__Mucorales; f__Cunninghamellaceae;
d__Eukaryota; p__Mucoromycota; c__Incertae_Sedis; o__Mucorales; f__Cunninghamellaceae;
d__Eukaryota; p__Mucoromycota; c__Incertae_Sedis; o__Mucorales; f__Cunninghamellaceae; g__Absidia
d__Eukaryota; p__Mucoromycota; c__Incertae_Sedis; o__Mucorales; f__Cunninghamellaceae; g__Absidia
d__Eukaryota; p__Mucoromycota; c__Incertae_Sedis; o__Mucorales; f__Mucoraceae; g__Mucor
d__Eukaryota; p__Mucoromycota; c__Incertae_Sedis; o__Mucorales; f__Rhizopodaceae; g__Rhizopus
d__Eukaryota; p__Mucoromycota; c__Incertae_Sedis; o__Mucorales; f__Syncephalastraceae; g__Syncephalastrum
d__Eukaryota; p__Mucoromycota; c__Incertae_Sedis; o__Umbelopsidales; f__Umbelopsidaceae; g__Umbelopsis
d__Eukaryota; p__Myxogastria; c__Myxogastria; o__Myxogastria; f__Myxogastria; g__Didymium
d__Eukaryota; p__Myxogastria; c__Myxogastria; o__Myxogastria; f__Myxogastria; g__Didymium
d__Eukaryota; p__Myxogastria; c__Myxogastria; o__Myxogastria; f__Myxogastria; g__Didymium
d__Eukaryota; p__Nematozoa; c__Chromadorea; o__Araeolaimida; f__Araeolaimida; g__Araeolaimida
d__Eukaryota; p__Nematozoa; c__Chromadorea; o__Araeolaimida; f__Araeolaimida; g__Araeolaimida
d__Eukaryota; p__Nematozoa; c__Chromadorea; o__Ascaridida; f__Ascaridida; g__Ascaridida
d__Eukaryota; p__Nematozoa; c__Chromadorea; o__Monhysterida; f__Monhysterida; g__Monhysterida
d__Eukaryota; p__Nematozoa; c__Chromadorea; o__Monhysterida; f__Monhysterida; g__Monhysterida
d__Eukaryota; p__Nematozoa; c__Chromadorea; o__Monhysterida; f__Monhysterida; g__Monhysterida
d__Eukaryota; p__Nematozoa; c__Enoplea; o__Dorylaimia;;
d__Eukaryota; p__Nematozoa; c__Enoplea; o__Dorylaimia; f__Dorylaimida; g__Dorylaimida
d__Eukaryota; p__Nematozoa; c__Enoplea; o__Dorylaimia; f__Dorylaimida; g__Dorylaimida
d__Eukaryota; p__Nematozoa; c__Enoplea; o__Dorylaimia; f__Mononchida; g__Mononchida
d__Eukaryota; p__Nematozoa; c__Enoplea; o__Enoplida; f__Enoplida; g__Enoplida
d__Eukaryota; p__Nematozoa; c__Enoplea; o__Triplonchida; f__Triplonchida; g__Triplonchida
d__Eukaryota; p__Nematozoa; c__Enoplea; o__Triplonchida; f__Triplonchida; g__Triplonchida
d__Eukaryota; p__Nematozoa; c__Enoplea; o__Triplonchida; f__Triplonchida; g__Triplonchida
d__Eukaryota; p__Nematozoa; c__Enoplea; o__Triplonchida; f__Triplonchida; g__Triplonchida
d__Eukaryota; p__Ochrophyta; c__Chrysophyceae;;;
d__Eukaryota; p__Ochrophyta; c__Chrysophyceae;;;
d__Eukaryota; p__Ochrophyta; c__Chrysophyceae;;;
d__Eukaryota; p__Ochrophyta; c__Chrysophyceae;;;
d__Eukaryota; p__Ochrophyta; c__Chrysophyceae;;;
d__Eukaryota; p__Ochrophyta; c__Chrysophyceae;;;
d__Eukaryota; p__Ochrophyta; c__Chrysophyceae;;;
d__Eukaryota; p__Ochrophyta; c__Chrysophyceae;;;
d__Eukaryota; p__Ochrophyta; c__Chrysophyceae; o__Chromulinales; f__Chromulinales;
d__Eukaryota; p__Ochrophyta; c__Chrysophyceae; o__Chromulinales; f__Chromulinales; g__Spumella
d__Eukaryota; p__Ochrophyta; c__Chrysophyceae; o__Chrysophyceae; f__Chrysophyceae; g__Chrysophyceae
d__Eukaryota; p__Ochrophyta; c__Chrysophyceae; o__Chrysophyceae; f__Chrysophyceae; g__Chrysophyceae
d__Eukaryota; p__Ochrophyta; c__Chrysophyceae; o__Ochromonadales; f__Ochromonadales; g__Ochromonas
d__Eukaryota; p__Ochrophyta; c__Chrysophyceae; o__Ochromonadales; f__Ochromonadales; g__Ochromonas
d__Eukaryota; p__Ochrophyta; c__Chrysophyceae; o__Ochromonadales; f__Ochromonadales; g__Ochromonas
d__Eukaryota; p__Ochrophyta; c__Chrysophyceae; o__uncultured; f__uncultured; g__uncultured
d__Eukaryota; p__Peronosporomycetes; c__Peronosporomycetes; o__Peronosporomycetes; f__Peronosporomycetes;
d__Eukaryota; p__Peronosporomycetes; c__Peronosporomycetes; o__Peronosporomycetes; f__Peronosporomycetes;
d__Eukaryota; p__Peronosporomycetes; c__Peronosporomycetes; o__Peronosporomycetes; f__Peronosporomycetes;
d__Eukaryota; p__Peronosporomycetes; c__Peronosporomycetes; o__Peronosporomycetes; f__Peronosporomycetes;
d__Eukaryota; p__Peronosporomycetes; c__Peronosporomycetes; o__Peronosporomycetes; f__Peronosporomycetes; g__Peronosporomycetes
d__Eukaryota; p__Peronosporomycetes; c__Peronosporomycetes; o__Peronosporomycetes; f__Peronosporomycetes; g__Pythium
d__Eukaryota; p__Peronosporomycetes; c__Peronosporomycetes; o__Peronosporomycetes; f__Peronosporomycetes; g__Pythium
d__Eukaryota; p__Phragmoplastophyta; c__Embryophyta; o__Bryophyta; f__Bryophyta; g__Bryophyta
d__Eukaryota; p__Phragmoplastophyta; c__Embryophyta; o__Magnoliophyta; f__Magnoliophyta; g__Magnoliophyta
d__Eukaryota; p__Phragmoplastophyta; c__Embryophyta; o__Magnoliophyta; f__Magnoliophyta; g__Magnoliophyta
d__Eukaryota; p__Platyhelminthes; c__Rhabditophora; o__Rhabdocoela; f__Neodalyellida; g__Neodalyellida
d__Eukaryota; p__Protalveolata; c__Perkinsidae; o__A31; f__A31; g__A31
d__Eukaryota; p__Protalveolata; c__Perkinsidae; o__A31; f__A31; g__A31
d__Eukaryota; p__Protosteliida; c__Protosteliida; o__Protosteliida; f__Protosteliida; g__Protosteliida
d__Eukaryota; p__Protosteliida; c__Protosteliida; o__Protosteliida; f__Protosteliida; g__Protosteliida
d__Eukaryota; p__Protosteliida; c__Protosteliida; o__Protosteliida; f__Protosteliida; g__Protosteliida
d__Eukaryota; p__Rotifera; c__Monogononta; o__Ploimida; f__Ploimida; g__Ploimida
d__Eukaryota; p__SAR; c__Labyrinthulomycetes; o__Labyrinthulomycetes; f__Labyrinthulomycetes; g__Sorodiplophrys
d__Eukaryota; p__SAR; c__Labyrinthulomycetes; o__Labyrinthulomycetes; f__Labyrinthulomycetes; g__Sorodiplophrys
d__Eukaryota; p__SAR; c__Labyrinthulomycetes; o__Labyrinthulomycetes; f__Labyrinthulomycetes; g__Sorodiplophrys
d__Eukaryota; p__SAR; c__Labyrinthulomycetes; o__Labyrinthulomycetes; f__Labyrinthulomycetes; g__Sorodiplophrys
d__Eukaryota; p__SAR; c__Labyrinthulomycetes; o__Labyrinthulomycetes; f__Labyrinthulomycetes; g__Sorodiplophrys
d__Eukaryota; p__SAR; c__Labyrinthulomycetes; o__Labyrinthulomycetes; f__Labyrinthulomycetes; g__Sorodiplophrys
d__Eukaryota; p__SAR; c__Labyrinthulomycetes; o__Labyrinthulomycetes; f__Labyrinthulomycetes; g__Sorodiplophrys
d__Eukaryota; p__SAR; c__Labyrinthulomycetes; o__Labyrinthulomycetes; f__Labyrinthulomycetes; g__Sorodiplophrys
d__Eukaryota; p__SAR; c__Labyrinthulomycetes; o__Labyrinthulomycetes; f__Labyrinthulomycetes; g__Sorodiplophrys
d__Eukaryota; p__SAR; c__Labyrinthulomycetes; o__Labyrinthulomycetes; f__Labyrinthulomycetes; g__Sorodiplophrys
d__Eukaryota; p__SAR; c__Labyrinthulomycetes; o__Labyrinthulomycetes; f__Labyrinthulomycetes; g__Sorodiplophrys
d__Eukaryota; p__SAR; c__Labyrinthulomycetes; o__Labyrinthulomycetes; f__Labyrinthulomycetes; g__Sorodiplophrys
d__Eukaryota; p__SAR; c__Labyrinthulomycetes; o__Labyrinthulomycetes; f__Labyrinthulomycetes; g__Sorodiplophrys
d__Eukaryota; p__SAR; c__Labyrinthulomycetes; o__Labyrinthulomycetes; f__Labyrinthulomycetes; g__Sorodiplophrys
d__Eukaryota; p__SAR; c__Labyrinthulomycetes; o__Labyrinthulomycetes; f__Labyrinthulomycetes; g__Sorodiplophrys
d__Eukaryota; p__Schizoplasmodiida; c__Schizoplasmodiida; o__Schizoplasmodiida; f__Schizoplasmodiida;
d__Eukaryota; p__Schizoplasmodiida; c__Schizoplasmodiida; o__Schizoplasmodiida; f__Schizoplasmodiida;
d__Eukaryota; p__Schizoplasmodiida; c__Schizoplasmodiida; o__Schizoplasmodiida; f__Schizoplasmodiida;
d__Eukaryota; p__Schizoplasmodiida; c__Schizoplasmodiida; o__Schizoplasmodiida; f__Schizoplasmodiida;
d__Eukaryota; p__Schizoplasmodiida; c__Schizoplasmodiida; o__Schizoplasmodiida; f__Schizoplasmodiida;
d__Eukaryota; p__Schizoplasmodiida; c__Schizoplasmodiida; o__Schizoplasmodiida; f__Schizoplasmodiida;
d__Eukaryota; p__Schizoplasmodiida; c__Schizoplasmodiida; o__Schizoplasmodiida; f__Schizoplasmodiida; g__Phalansterium
d__Eukaryota; p__Schizoplasmodiida; c__Schizoplasmodiida; o__Schizoplasmodiida; f__Schizoplasmodiida; g__Phalansterium
d__Eukaryota; p__Schizoplasmodiida; c__Schizoplasmodiida; o__Schizoplasmodiida; f__Schizoplasmodiida; g__Phalansterium
d__Eukaryota; p__Schizoplasmodiida; c__Schizoplasmodiida; o__Schizoplasmodiida; f__Schizoplasmodiida; g__Schizoplasmodiida
d__Eukaryota; p__Schizoplasmodiida; c__Schizoplasmodiida; o__Schizoplasmodiida; f__Schizoplasmodiida; g__Schizoplasmodiida
d__Eukaryota; p__Schizoplasmodiida; c__Schizoplasmodiida; o__Schizoplasmodiida; f__Schizoplasmodiida; g__Schizoplasmodiida
d__Eukaryota; p__Schizoplasmodiida; c__Schizoplasmodiida; o__Schizoplasmodiida; f__Schizoplasmodiida; g__Schizoplasmodiida
d__Eukaryota; p__Schizoplasmodiida; c__Schizoplasmodiida; o__Schizoplasmodiida; f__Schizoplasmodiida; g__Schizoplasmodiida
d__Eukaryota; p__Schizoplasmodiida; c__Schizoplasmodiida; o__Schizoplasmodiida; f__Schizoplasmodiida; g__Schizoplasmodiida
d__Eukaryota; p__Schizoplasmodiida; c__Schizoplasmodiida; o__Schizoplasmodiida; f__Schizoplasmodiida; g__Schizoplasmodiida
d__Eukaryota; p__Schizoplasmodiida; c__Schizoplasmodiida; o__Schizoplasmodiida; f__Schizoplasmodiida; g__Schizoplasmodiida
d__Eukaryota; p__Schizoplasmodiida; c__Schizoplasmodiida; o__Schizoplasmodiida; f__Schizoplasmodiida; g__Schizoplasmodiida
d__Eukaryota; p__Schizoplasmodiida; c__Schizoplasmodiida; o__Schizoplasmodiida; f__Schizoplasmodiida; g__Schizoplasmodiida
d__Eukaryota; p__Tardigrada; c__Eutardigrada; o__Parachela; f__Parachela; g__Parachela
d__Eukaryota; p__Tunicata; c__Ascidiacea; o__Enterogona; f__Enterogona; g__Enterogona
d__Eukaryota; p__Vertebrata;;;;
d__Eukaryota; p__Vertebrata; c__Mammalia; o__Mammalia; f__Mammalia; g__Mammalia
d__Eukaryota; p__Zoopagomycota;;;;
d__Eukaryota; p__Zoopagomycota;;;;
d__Eukaryota; p__Zoopagomycota; c__Entomophthoromycetes; o__Entomophthorales; f__Ancylistaceae; g__Conidiobolus
d__Eukaryota; p__Zoopagomycota; c__Entomophthoromycetes; o__Entomophthorales; f__Ancylistaceae; g__Conidiobolus
d__Eukaryota; p__Zoopagomycota; c__Incertae_Sedis; o__Kickxellales; f__Kickxellaceae; g__Ramicandelaber
d__Eukaryota; p__Zoopagomycota; c__Incertae_Sedis; o__Zoopagales;;
d__Eukaryota; p__Zoopagomycota; c__Incertae_Sedis; o__Zoopagales;;
d__Eukaryota; p__Zoopagomycota; c__Incertae_Sedis; o__Zoopagales; f__Zoopagales;
d__Eukaryota; p__Zoopagomycota; c__Incertae_Sedis; o__Zoopagales; f__Zoopagales; g__Zoopagales
d__Eukaryota; p__Zoopagomycota; c__Incertae_Sedis; o__Zoopagales; f__Zoopagales; g__Zoopagales
Unassigned;;;;;
Unassigned;;;;;
Unassigned;;;;;
Unassigned;;;;;
Unassigned;;;;;
Unassigned;;;;;
Unassigned;;;;;
Unassigned;;;;;
Unassigned;;;;;
Unassigned;;;;;
Unassigned;;;;;
Unassigned;;;;;
Unassigned;;;;;
Unassigned;;;;;
Unassigned;;;;;
Unassigned;;;;;
Unassigned;;;;;
Unassigned;;;;;
Unassigned;;;;;
Unassigned;;;;;
Unassigned;;;;;
Unassigned;;;;;
Unassigned;;;;;
Unassigned;;;;;
Unassigned;;;;;
Unassigned;;;;;
Unassigned;;;;;
Unassigned;;;;;
Unassigned;;;;;
Unassigned;;;;;
Unassigned;;;;;
Unassigned;;;;;
Unassigned;;;;;
Unassigned;;;;;
Unassigned;;;;;
